Workbook

Sheet MASTER
A1: NO | G1: AKTA KELAHIRAN | H1: TANGGAL DITERIMA | I1: ASAL PESERTA DIDIK | J1: NAMA TK ASAL | K1: ALAMAT TK ASAL | L1: NOMOR/TANGGAL STTB | M1: NIS | N1: NISN | O1: NO KK | P1: NIK ANAK | Q1: NAMA SISWA (sesuai Akta Kelahiran) | R1: GRADE | S1: CLASS NAME | T1: NAMA PANGGILAN | U1: SEX | V1: TEMPAT LAHIR | W1: TANGGAL LAHIR | X1: USIA | Y1: JENIS PESERTA DIDIK | Z1: JENIS KETUNAAN | AA1: AGAMA | AB1: KEWARGANEGARAAN | AC1: ALAMAT RUMAH | AD1: RT | AE1: RW | AF1: KELURAHAN | AG1: KECAMATAN | AH1: SEBARAN KECAMATAN PESERTA DIDIK SD ANAK SALEH | AI1: KODE POS | AJ1: KABUPATEN/KOTA | AK1: STATUS TEMPAT TINGGAL | AL1: JARAK TEMPAT TINGGAL KE SEKOLAH | AM1: NO. TELEPON RUMAH | AN1: NO. HANDPHONE | AO1: ANAK KE | AP1: ∑ SAUDARA KANDUNG | AQ1: ∑ SAUDARA TIRI | AR1: ∑ SAUDARA ANGKAT | AS1: BB | AT1: TB | AU1: GOL DARAH | AV1: PENYAKIT BERAT YANG PERNAH DIDERITA | AW1: PENYAKIT YANG SERING DIDERITA | AX1: BAHASA KESEHARIAN DI KELUARGA | AY1: NAMA AYAH KANDUNG | AZ1: NIK AYAH | BA1: TEMPAT LAHIR AYAH | BB1: TANGGAL LAHIR AYAH | BC1: AGAMA AYAH | BD1: NO. HANDPHONE AYAH | BE1: PENDIDIKAN TERTINGGI AYAH | BF1: PEKERJAAN AYAH | BG1: INSTANSI TEMPAT BEKERJA AYAH | BH1: ALAMAT LENGKAP INSTANSI AYAH | BI1: NO. TELEPON INSTANSI AYAH | BJ1: PENGHASILAN AYAH PER BULAN | BK1: EMAIL AYAH | BL1: NAMA IBU KANDUNG | BM1: NIK IBU | BN1: TEMPAT LAHIR IBU | BO1: TANGGAL LAHIR IBU | BP1: AGAMA IBU | BQ1: NO. HANDPHONE IBU | BR1: PENDIDIKAN TERTINGGI IBU | BS1: PEKERJAAN IBU | BT1: INSTANSI TEMPAT BEKERJA IBU | BU1: ALAMAT LENGKAP INSTANSI IBU | BV1: NO. TELEPON INSTANSI IBU | BW1: PENGHASILAN IBU PER BULAN | BX1: EMAIL IBU | BY1: NAMA WALI | BZ1: TEMPAT LAHIR WALI | CA1: TANGGAL LAHIR WALI | CB1: HUBUNGAN KELUARGA DENGAN WALI | CC1: NO. HANDPHONE WALI | CD1: PENDIDIKAN TERAKHIR WALI | CE1: PEKERJAAN WALI | CF1: AGAMA WALI | CG1: ALAMAT RUMAH WALI | CH1: RT | CI1: RW | CJ1: KELURAHAN | CK1: KECAMATAN | CL1: KABUPATEN/KOTA
B2: AKTE | C2: KK | D2: SUKET TK | E2: SURAT <6 TH | F2: SURAT PDBK
A3: 80 | I3: TAMAN KANAK-KANAK (TK) | J3: TK AKADEMIKA AL-ARSYAD | K3: PERUM GRIYA PERMATA ALAM JL. PINUS NGIJO KARANGPLOSO | M3: 2225 | N3: 3203452844 | O3: 3507232603150004 | P3: 3507232006200001 | Q3: AHMAD RISKI BAIHAQI | R3: 1A | S3: BERLIAN | T3: HAQI | U3: LAKI-LAKI | V3: MALANG | W3: 44002 | Y3: REGULER | AA3: ISLAM | AB3: WARGA NEGARA INDONESIA | AC3: PERUM PALM REGENCY KAV66 NGIJO KARANGPLOSO | AD3: 08 | AE3: 08 | AF3: NGIJO | AG3: KARANGPLOSO | AH3: LUAR MALANG | AI3: 65152 | AJ3: MALANG | AM3: 081252596006 | AN3: 085784005656 | AO3: 1 | AP3: 0 | AS3: 15 | AT3: 101 | AV3: TIDAK | AW3: BATUK, PILEK | AX3: JAWA/INDONESIA | AY3: FAHMI EFENDI YUSUF | AZ3: 3507230805890001 | BA3: MALANG | BB3: 32636 | BC3: ISLAM | BD3: 081252596006 | BE3: S2 | BF3: WIRASWASTA | BG3: PT ELECTRINDO INTI NUSANTARA | BH3: PERUM GRAHA KENCANA RAYA NO 26-28 BALEARJOSARI | BJ3: 10000000 | BK3: fahmiefendiy@gmail.com | BL3: WIWIT INDAWATI | BM3: 3507236402960001 | BN3: MALANG | BO3: 35119 | BP3: ISLAM | BQ3: 085784005656 | BR3: SMA/SMK SEDERAJAT | BS3: IBU RUMAH TANGGA | BT3: - | BU3: - | BV3: - | BW3: - | BX3: wiwitindawati1122@gmail.com | BY3: FAHMI EFENDI YUSUF | BZ3: MALANG | CA3: 32636 | CC3: 081252596006 | CD3: S2 | CE3: WIRASWASTA
A4: 54 | I4: TAMAN KANAK-KANAK (TK) | J4: KB-TK ISLAM KHARISMA MALANG | K4: TIRTASANI ROYAL RESORT BLOK F2 8-9 | M4: 2226 | N4: 3203464357 | O4: 3573011010170029 | P4: 3573014306200005 | Q4: AISHA SHEZA IZDIHAR LAKSANA | R4: 1A | S4: BERLIAN | T4: AISH | U4: PEREMPUAN | V4: MALANG | W4: 43985 | Y4: REGULER | AA4: ISLAM | AB4: WARGA NEGARA INDONESIA | AC4: PERUM TIRTASANI ROYAL RESORT, CLUSTER ROYAL VILLAGE BLOK RV3 NO 3 | AD4: 06 | AE4: 16 | AF4: NGENEP | AG4: KARANGPLOSO | AH4: LUAR MALANG | AI4: 65152 | AJ4: MALANG | AM4: 081944893272 | AN4: 081944893272 | AO4: 2 | AP4: 1 | AS4: 15 | AT4: 100 | AV4: TIDAK | AW4: DEMAM, BATUK | AX4: BAHASA INDONESIA | AY4: Elfa Rizal Dwi Laksono, S.Ap | AZ4: 3507241405890003 | BA4: MALANG | BB4: 32642 | BC4: ISLAM | BD4: 081808901737 | BE4: S1 | BF4: KARYAWAN SWASTA | BG4: PT AMCOR SPECIALTY CARTONS INDONESIA | BH4: JL. REMBANG INDUSTRI RAYA NO.36, JATI, PANDEAN, KEC. REMBANG, PASURUAN, JAWA TIMUR 67152 | BJ4: - | BK4: - | BL4: Arnita Eka Wulandari, S.ST | BM4: 3573014908900008 | BN4: BOJONEGORO | BO4: 33094 | BP4: ISLAM | BQ4: 081944893272 | BR4: S1 | BS4: KARYAWAN SWASTA | BT4: PT KILAP GLOBAL GROUP | BU4: GRIYA SHANTA BLK. J NO.298-299, MOJOLANGU, KEC. LOWOKWARU, KOTA MALANG, JAWA TIMUR 65142 | BW4: 5.000.000 | BX4: arnitaekawulandari90@gmail.com
A5: 34 | I5: RAUDHATUL ATHFAL (RA) | J5: RA AMAL MULIA DEPOK | K5: JALAN PEKAPURAN DEPOK | M5: 2228 | N5: 3194677510 | O5: 3276102910180004 | P5: 3276106207190002 | Q5: AIZA SHAKEENA RIKZATUNNISA | R5: 1A | S5: BERLIAN | T5: AIZA | U5: PEREMPUAN | V5: MALANG | W5: 43668 | Y5: REGULER | AA5: ISLAM | AB5: WARGA NEGARA INDONESIA | AC5: JALAN MAWAR 4 NO. 27 | AD5: 06 | AE5: 04 | AF5: LOWOKWARU | AG5: LOWOKWARU | AH5: LOWOKWARU | AI5: 65141 | AJ5: MALANG | AM5: - | AN5: 081288319704 | AO5: 1 | AP5: 1 | AS5: 21 | AT5: 110 | AV5: TIDAK | AW5: DEMAM, BATUK, PILEK | AX5: BAHASA INDONESIA | AY5: Andika Risma Pratama, A.Md | AZ5: 3276020508910001 | BA5: BOGOR | BB5: 33455 | BC5: ISLAM | BD5: 081288319704 | BE5: S1 | BF5: KARYAWAN SWASTA | BG5: PT. SAPTA INDERA SEJATI | BH5: GD. GRAHA SAPTAINDRA, JL. TB. SIMATUPANG KAV. 18, CILANDAK BARAT, JAKARTA SELATAN, DKI JAKARTA 12430 | BI5: - | BJ5: 15.000.000 | BK5: 08andika@gmail.com | BL5: Lia Rizqimawati, A.Md | BM5: 3573056903950005 | BN5: MALANG | BO5: 34787 | BP5: ISLAM | BQ5: 082234719535 | BR5: S1 | BS5: IBU RUMAH TANGGA | BT5: - | BU5: - | BV5: - | BW5: - | BX5: liarizqi293@gmail.com | BY5: Lia Permatasari, S.T | BZ5: MALANG | CA5: 37295 | CC5: 082132519606 | CD5: S1 | CE5: -
A6: 8 | I6: TAMAN KANAK-KANAK (TK) | J6: PERMATA IMAN 1 | K6: JL. BATU PERMATA 9, TLOGOMAS, MALANG | M6: 2231 | N6: 3196274753 | O6: 3507220907190005 | P6: 3507222707190001 | Q6: ALDEBARAN ARSENIO MUHAMMAD | R6: 1A | S6: BERLIAN | T6: BARAN | U6: LAKI-LAKI | V6: MALANG | W6: 43673 | Y6: REGULER | AA6: ISLAM | AB6: WARGA NEGARA INDONESIA | AC6: LANDUNGSARI PERMAI C-2 | AD6: 1 | AE6: 6 | AF6: LANDUNGSARI | AG6: DAU | AH6: LUAR MALANG | AI6: 65151 | AJ6: MALANG | AM6: - | AN6: 085156428643 | AO6: 1 | AP6: 0 | AS6: 20 | AT6: 110 | AV6: TIDAK | AW6: BATUK, PILEK | AX6: INDONESIA | AY6: Rheza Febrian Putranto, S.T | AZ6: 35072221002970001 | BA6: MALANG | BB6: 35471 | BC6: ISLAM | BD6: 081233663741 | BE6: S1 | BF6: KARYAWAN SWASTA | BG6: PT. DELTA UTRACON SYNERGY | BH6: GD. WISMA RITRA, JI. BUNCIT RAYA NO.6 LT.2, RT.1/RW.9, KALIBATA, KEC. PANCORAN, KOTA JAKARTA SELATAN, DAERAH KHUSUS IBUKOTA JAKARTA 12740 | BI6: (021) 7970827 | BJ6: 11 jt | BK6: Febrianrheza@gmail.com | BL6: Silmi Mauludina, S.PWK | BM6: 3578085607980001 | BN6: SURABAYA | BO6: 35992 | BP6: ISLAM | BQ6: 085156428643 | BR6: S1 | BS6: KARYAWAN SWASTA | BT6: POLRESTA MALANG KOTA | BU6: JL. JAKSA AGUNG SUPRAPTO 19 | BV6: - | BW6: 1.500.000 | BX6: Silmimauludina.contact@gmail.com
A7: 89 | I7: BUSTHANUL ATHFAL (BA) | J7: KB - BA ARAFAH | K7: JL. VINOLIA III NO 23 | M7: 2239 | N7: 3195767578 | O7: 3573051803190007 | P7: 3573052106190003 | Q7: AMMAR RHEANDRA PRATAMA | R7: 1A | S7: BERLIAN | T7: AMMAR | U7: LAKI-LAKI | V7: MALANG | W7: 43637 | Y7: REGULER | AA7: ISLAM | AB7: WARGA NEGARA INDONESIA | AC7: PERUM GARDEN PALMA BLOK A2 | AD7: 007 | AE7: 005 | AF7: JATIMULYO | AG7: LOWOKWARU | AH7: LOWOKWARU | AI7: 65141 | AJ7: MALANG | AM7: 081252536008 | AN7: 081252536008 | AO7: 1 | AP7: 1 | AS7: 18 | AT7: 116 | AV7: TIDAK | AW7: Tidak ada | AX7: INDONESIA | AY7: Drh. Awang Yoga Pratama | AZ7: 3525100708900001 | BA7: GRESIK | BB7: 33092 | BC7: ISLAM | BD7: 081217399685 | BE7: S1 | BF7: KARYAWAN SWASTA | BG7: PT. ANDROMEDA GROUP | BH7: JL. CILIWUNG NO.74C, DARMO, KEC. WONOKROMO, SURABAYA, JAWA TIMUR 60241 | BI7: (031) 58282876 | BJ7: 10.000.000 | BK7: awangyogapratama7890@gmail.com | BL7: Drh. Romdhani Retno Fatwa | BM7: 3509125703930002 | BN7: JEMBER | BO7: 34045 | BP7: ISLAM | BQ7: 081252536008 | BR7: S1 | BS7: MENGURUS RUMAH TANGGA | BT7: - | BU7: - | BV7: - | BW7: - | BX7: romdhaniretno@gmail.com
A8: 68 | I8: TAMAN KANAK-KANAK (TK) | J8: TK ANAK SALEH | K8: JL CANDI PANGGUNG INDAH | M8: 2255 | N8: 3185561643 | O8: 3507231402180010 | P8: 3507230512180004 | Q8: DEVA ABI PUTRA | R8: 1A | S8: BERLIAN | T8: DEVA | U8: LAKI-LAKI | V8: BANYUWANGI | W8: 43439 | Y8: PDBK (BERKEBUTUHAN KHUSUS) | Z8: Asd level1 high function | AA8: ISLAM | AB8: WARGA NEGARA INDONESIA | AC8: GRAND PERMATA JINGGA 8TH NO15 | AD8: 01 | AE8: 21 | AF8: MANGLIAWAN | AG8: PAKIS | AH8: LUAR MALANG | AI8: 65153 | AJ8: MALANG | AM8: 0 | AN8: 085746730392 | AO8: 1 | AP8: 2 | AS8: 19 | AT8: 110 | AV8: TIDAK | AW8: BATUK | AX8: INDONESIA | AY8: Deby Putra Bahrodin S.Si | AZ8: 3507011304920001 | BA8: MALANG | BB8: 33707 | BC8: ISLAM | BD8: 085646300333 | BE8: S1 | BF8: SOFTWARE HOUSE AND TELCO | BG8: - | BH8: - | BI8: - | BJ8: 10.000.000-30.000.000 | BK8: deby.putra@gmail.com | BL8: Eva Rosalina | BM8: 3510085205930002 | BN8: BANYUWANGI | BO8: 34101 | BP8: ISLAM | BQ8: 085746730392 | BR8: S1 | BS8: IBU RUMAH TANGGA | BT8: - | BU8: - | BV8: - | BW8: - | BX8: evarosalina1205@gmail.com
A9: 6 | I9: TAMAN KANAK-KANAK (TK) | J9: TK ANAK SALEH | K9: JL. CANDI PANGGUNG INDAH NO.1-3, KELURAHAN MOJOLANGU | M9: 2258 | N9: 3208549116 | O9: 3573053001200009 | P9: 3573052302200001 | Q9: FEBRINO YUSUF SYAILENDRA PRATAMA | R9: 1A | S9: BERLIAN | T9: RINO | U9: LAKI-LAKI | V9: MALANG | W9: 43884 | Y9: REGULER | AA9: ISLAM | AB9: WARGA NEGARA INDONESIA | AC9: GARDEN PALMA INSIDE KAV. 2 | AD9: 004 | AE9: 009 | AF9: MOJOLANGU | AG9: LOWOKWARU | AH9: LOWOKWARU | AI9: 65142 | AJ9: KOTA MALANG | AM9: 083857954344 | AN9: 083857954344 | AO9: 1 | AP9: 0 | AS9: 22 | AT9: 120 | AV9: TIDAK | AW9: BATUK, PILEK | AX9: BAHASA INDONESIA | AY9: ANDY PRABOWO | AZ9: 3507243006970003 | BA9: TUBAN | BB9: 35611 | BC9: ISLAM | BD9: 082232263062 | BE9: SMA/SMK SEDERAJAT | BF9: KARYAWAN SWASTA | BG9: PT. ASIANET MEDIA TEKNOLOGI | BH9: JALAN BUNGA COKLAT NO.4 KAV.1 KELURAHAN TULUSREJO KECAMATAN LOWOKWARU KOTA MALANG 65141 | BJ9: 4000000 | BK9: andyprabowo06@gmail.com | BL9: DINDA AYU JEAN ASTRY S.Ak | BM9: 3515185106970002 | BN9: SUMENEP | BO9: 35592 | BP9: ISLAM | BQ9: 083857954344 | BR9: S1 | BS9: IBU RUMAHTANGGA | BT9: - | BU9: - | BV9: - | BW9: - | BX9: dindajean11@gmail.com
A10: 11 | I10: TAMAN KANAK-KANAK (TK) | J10: TK ZAMZAM | K10: JALAN CAKALANG NO. 209A KEL. POLOWIJEN KEC. BLIMBING MALANG | M10: 2266 | N10: 3198173105 | O10: 3573020701200001 | P10: 3573024101190002 | Q10: HAYFA RIFKI ABDAT | R10: 1A | S10: BERLIAN | T10: HAYFA | U10: PEREMPUAN | V10: SIDOARJO | W10: 43466 | Y10: REGULER | AA10: ISLAM | AB10: WARGA NEGARA INDONESIA | AC10: RIVERSIDE D-312 | AD10: 02 | AE10: 05 | AF10: ARJOSARI | AG10: BLIMBING | AH10: BLIMBING | AI10: 65126 | AJ10: MALANG | AM10: D-312 | AN10: 081336469821 | AO10: 1 | AP10: 0 | AS10: 19 | AT10: 121 | AV10: TIDAK | AW10: Jarang | AX10: INDONESIA | AY10: Mochamad Rifki A. Md. AB., SE. | AZ10: 3573022901860001 | BA10: MALANG | BB10: 31441 | BC10: ISLAM | BD10: 081333713381 | BE10: S1 | BF10: WIRAUSAHA | BG10: UTAMA MOTOR | BH10: JALAN ANGGREK 3 DS. BAMBAN KEL. ASRIKATON KEC. PAKIS KAB. MALANG | BI10: 082139111193 | BJ10: 7.000.000 | BK10: rifkiarea86@gmail.com | BL10: Adiba | BM10: 3515076409940001 | BN10: LUMAJANG | BO10: 34601 | BP10: ISLAM | BQ10: 081336469821 | BR10: SMA/SMK SEDERAJAT | BS10: IBU RUMAH TANGGA | BT10: RUMAH | BU10: RIVERSIDE D-312 KEL. ARJOSARI KEC. BLIMBING MALANG | BW10: 3.000.000 | BX10: adiba24994@gmail.com
A11: 103 | I11: TAMAN KANAK-KANAK (TK) | J11: TK PERMATA IMAN 2 | K11: JL. IKAN KAKAP NO. 90 MALANG | M11: 2271 | N11: 3191576519 | O11: 3507232709130004 | P11: 3507231807190001 | Q11: JULIAN RAZKA TIRTA | R11: 1A | S11: BERLIAN | T11: TIRTA | U11: LAKI-LAKI | V11: MALANG | W11: 43664 | Y11: Reguler | Z11: Tidak | AA11: ISLAM | AB11: WARGA NEGARA INDONESIA | AC11: JL. PERTAMANAN 5 | AD11: 17 | AE11: 06 | AF11: KEPUHARJO | AG11: KARANGPLOSO | AH11: LUAR MALANG | AI11: 65152 | AJ11: MALANG | AN11: 083831568320 | AO11: 2 | AP11: 1 | AS11: 17 | AT11: 117 | AV11: TIDAK | AW11: Ada riwayat sakit lambung dan types | AX11: BAHASA INDONESIA DAN BAHASA JAWA | AY11: ACHMAD BAIDHOWI | AZ11: 3517122712860002 | BA11: JOMBANG | BB11: 31773 | BC11: ISLAM | BD11: 08563483597 | BE11: SMA/SMK SEDERAJAT | BF11: WIRAUSAHA | BG11: TOKO | BH11: JL. PASAR WISATA KEPUHARJO | BI11: 08563483597 | BJ11: 6.000.000 | BK11: maulanasabil58@gmail.com | BL11: KHUSNIATUL WAKHIDAH | BM11: 3507236012920001 | BN11: MALANG | BO11: 33958 | BP11: ISLAM | BQ11: 08383156832 | BR11: SMA/SMK SEDERAJAT | BS11: WIRAUSAHA | BT11: TOKO | BU11: JL. RAYA PASAR WISATA | BV11: 08563483597 | BW11: - | BX11: maulanasabil58@gmail.com
A12: 45 | I12: TAMAN KANAK-KANAK (TK) | J12: TK ANAK SALEH MALANG | K12: ALAMAT TK ANAK SALEH TERLETAK DI JL. CANDI PANGGUNG INDAH NO. 1-3, MOJOLANGU, KEC. LOWOKWARU, KOTA MALANG, JAWA TIMUR. | M12: 2278 | N12: 3198141575 | O12: 3573051404140003 | P12: 3573016510190002 | Q12: KYANAYYIRA FARIZA ARVI | R12: 1A | S12: BERLIAN | T12: FAZA | U12: PEREMPUAN | V12: MALANG | W12: 43763 | Y12: REGULER | Z12: - | AA12: ISLAM | AB12: WARGA NEGARA INDONESIA | AC12: PELITA TELUK BAYUR E2 | AD12: 001 | AE12: 008 | AF12: PANDANWANGI | AG12: BLIMBING | AH12: BLIMBING | AI12: 65126 | AJ12: KOTA MALANG | AM12: - | AN12: 081233088233 | AO12: 2 | AP12: 2 | AS12: 18 | AT12: 115 CM | AV12: TIDAK | AW12: BATUK PILEK (JARANG) | AX12: INDONESIA | AY12: ARIEF RAKHMAD YASIN, S.T. | AZ12: 3573050906850003 | BA12: MALANG | BB12: 31207 | BC12: ISLAM | BD12: 081256985000 | BE12: S1 | BF12: PEGAWAI SWASTA | BG12: PT. SO GOOD FOOD | BH12: RUKO PD MASPION, JLN PD MASPION NO 7, PEPELEGI - WARU - SIDOARJO | BI12: - | BJ12: 10.000.000,- | BK12: arief.rakhmad@gmail.com | BL12: DEVI SETYA CHRISTINA, S.T. | BM12: 3573036308860004 | BN12: MALANG | BO12: 31647 | BP12: ISLAM | BQ12: 081233088233 | BR12: S1 | BS12: BLUD | BT12: RS DR. SAIFUL ANWAR MALANG | BU12: JL. JAKSA AGUNG SUPRAPTO 2, KOTA MALANG, JAWA TIMUR, 65111 | BV12: (0341) 362101 | BW12: 4.000.000,- | BX12: devi.setyac@gmail.com
A13: 47 | I13: TAMAN KANAK-KANAK (TK) | J13: KARTIKA PRADANA | K13: JL AKORDION TUNGGULWULUNG | M13: 2279 | N13: 3195065671 | O13: 3507232202180021 | P13: 3507232811190001 | Q13: MAHER | R13: 1A | S13: BERLIAN | T13: MAHER | U13: LAKI-LAKI | V13: MALANG | W13: 43797 | Y13: REGULER | AA13: ISLAM | AB13: WARGA NEGARA INDONESIA | AC13: JL RAYA KASIN AMPELDENTO | AD13: 19 | AE13: 07 | AF13: AMPELDENTO | AG13: KARANGPLOSO | AH13: LUAR MALANG | AI13: 65152 | AJ13: MALANG | AM13: Tidak ada | AN13: 082139720121 | AO13: 1 | AP13: Tidak ada | AS13: 16kg | AT13: 110cm | AV13: TIDAK | AW13: Tidak ada | AX13: BAHASA INDONESIA | AY13: Muhammad muflih | AZ13: 3507232608950001 | BA13: MALANG | BB13: 34937 | BC13: ISLAM | BD13: 081236950253 | BE13: SMA/SMK SEDERAJAT | BF13: PEDAGANG | BG13: TOKO BUAH MAHER | BH13: KASIN AMPELDENTO KARANGPLOSO RT 19 RW 07 MALANG | BI13: Tidak ada | BJ13: 10 juta per bulan | BK13: muflihm39@yahoo.com | BL13: Nabilah safinas | BM13: 3579036106970001 | BN13: MALANG | BO13: 35602 | BP13: ISLAM | BQ13: 082139720121 | BR13: SMA/SMK SEDERAJAT | BS13: IBU RUMAH TANGGA | BT13: TIDAK ADA | BU13: TIDAK ADA | BV13: Tidak ada | BW13: Tidak ada | BX13: Nabilahsafinas21@gmail.com
A14: 60 | I14: TAMAN KANAK-KANAK (TK) | J14: TK AL HUDA BAGUS | K14: JL. RONGGOWARSITO NO. 27 KLOJEN KOTA MALANG | M14: 2282 | N14: 3197150648 | O14: 3507221511200001 | P14: 3507221111190001 | Q14: MUHAMMAD ADHYAKSA ATQA ALFATIH | R14: 1A | S14: BERLIAN | T14: ATQA | U14: LAKI-LAKI | V14: MALANG | W14: 43780 | Y14: REGULER | AA14: ISLAM | AB14: WARGA NEGARA INDONESIA | AC14: JL. RAYA SENGKALING NO. 180 | AD14: 004 | AE14: 007 | AF14: MULYOAGUNG | AG14: DAU | AH14: LUAR MALANG | AI14: 65151 | AJ14: KAB. MALANG | AM14: 08974721122 | AN14: 08974721122 | AO14: 1 | AP14: 1 | AS14: 21 | AT14: 114 | AV14: TIDAK | AW14: BATUK, PILEK | AX14: INDONESIA | AY14: RIZKI DHIA PUTRA, Amd. | AZ14: 3515180911920007 | BA14: BENGKULU | BB14: 33917 | BC14: ISLAM | BD14: 081224774659 | BE14: S1 | BF14: WIRASWASTA | BG14: PT. PRISMA GLOBAL | BH14: DELTA TAMA V NO. 30 WARU SIDOARJO | BI14: 082131324881 | BJ14: 5.000.000 | BK14: rizkidhiaputra@gmail.com | BL14: ZULHULAIFAH PUTRI RAHMAWATI, S.H. | BM14: 3507224311940004 | BN14: MALANG | BO14: 34641 | BP14: ISLAM | BQ14: 08212344772 | BR14: S1 | BS14: ASN PPPK | BT14: DINAS LINGKUNGAN HIDUP KOTA MALANG | BU14: JL. BINGKIL NO. 1 KEL. CIPTOMULYO KEC. SUKUN KOTA MALANG | BV14: 0341 369377 | BW14: 3.200.000 | BX14: zulhulaifahputrir@gmail.com
A15: 97 | I15: TAMAN KANAK-KANAK (TK) | J15: TK ANAK SALEH MALANG | K15: JL. CANDI PANGGUNG INDAH NO. 1-3 MALANG | M15: 2286 | N15: 3205930359 | O15: 3501042909160012 | P15: 3501042802200002 | Q15: MUHAMMAD ARFAN FARDHAN KARIM | R15: 1A | S15: BERLIAN | T15: ARFAN | U15: LAKI-LAKI | V15: MALANG | W15: 43889 | Y15: Reguler | Z15: - | AA15: ISLAM | AB15: WARGA NEGARA INDONESIA | AC15: JL. LESTI II/12 MALANG 65123 | AD15: 006 | AE15: 006 | AF15: BUNULREJO | AG15: BLIMBING | AH15: BLIMBING | AI15: 65123 | AJ15: MALANG | AM15: - | AN15: +62 838-4893-0518 | AO15: 3 | AP15: 3 | AS15: 20.4 | AT15: 118 | AV15: TIDAK | AW15: - | AX15: JAWA / INDONEISA | AY15: Syahroni Hamsyah | AZ15: 3573012702840004 | BA15: MALANG | BB15: 30739 | BC15: ISLAM | BD15: 085755050010 | BE15: S1 | BF15: ASN DJKI | BG15: DJKI | BH15: JL. H. R. RASUNA SAID NO.KAV 8 9, RT.16/RW.4, KUNINGAN, EAST KUNINGAN, JAKARTA, SOUTH JAKARTA CITY, JAKARTA 12940 | BI15: - | BJ15: 5.000.0000 | BK15: hamsink27@gmail.com | BL15: Evi DWi Jayanti | BM15: 3501045105860009 | BN15: PACITAN | BO15: 31543 | BP15: ISLAM | BQ15: +62 838-4893-0518 | BR15: S1 | BS15: GURU TK ANAK SALEH MALANG | BT15: TK ANAK SALEH MALANG | BU15: PAUD TERPADU ANAK SALEH : JL. CANDI PANGGUNG INDAH 1-3 MALANG | BV15: 082229350007 | BW15: 1.800.000 | BX15: -
A16: 27 | I16: TAMAN KANAK-KANAK (TK) | J16: TK ANAK SALEH | K16: JLN. CANDI PANGGUNG INDAH 1-3 | M16: 2289 | N16: 3205298409 | O16: '3579031810180002 | P16: 3579031002200003 | Q16: MUHAMMAD BOBYARYA WIJAYA | R16: 1A | S16: BERLIAN | T16: BOBY | U16: LAKI-LAKI | V16: MALANG | W16: 43871 | Y16: REGULER | Z16: - | AA16: ISLAM | AB16: WARGA NEGARA INDONESIA | AC16: JLN. DRS. MOH HATTA , NO. 222 , PENDEM, JUNREJO. BATU | AD16: 05 | AE16: 01 | AF16: PENDEM | AG16: JUNREJO | AH16: LUAR MALANG | AI16: 65324 | AJ16: BATU | AM16: - | AN16: 085334106150 | AO16: 2 | AP16: 2 | AS16: 20 | AT16: 110 | AV16: TIDAK | AW16: DEMAM, BATUK, PILEK | AX16: INDONESIA | AY16: Sumarto | AZ16: 3503061303850003 | BA16: TRENGGALEK | BB16: 31119 | BC16: ISLAM | BD16: 85232620640 | BE16: SMA/SMK SEDERAJAT | BF16: KARYAWAN SWASTA | BG16: - | BH16: - | BI16: - | BJ16: 5.000.000 | BK16: naiilavirania @gmail.com | BL16: Dwi Ernawati | BM16: 3503064102910001 | BN16: TRENGGALEK | BO16: 33270 | BP16: ISLAM | BQ16: 085334106150 | BR16: SMA/SMK SEDERAJAT | BS16: IBU RUMAH TANGGA | BT16: - | BU16: - | BV16: - | BW16: - | BX16: naiilavirania@gmail.com | BY16: - | BZ16: -
A17: 76 | I17: TAMAN KANAK-KANAK (TK) | J17: KELOMPOK BERMAIN CHILDREN CENTRE BRAWIJAYA SMART SCHOOL | K17: JL. VETERAN NO.17, KETAWANGGEDE, KEC. LOWOKWARU, KOTA MALANG, JAWA TIMUR 65145 | M17: 2295 | N17: 3202582657 | O17: 3507221006150002 | P17: 3507222904200004 | Q17: MUHAMMAD ZUBAIR EZRA LAZUARDY | R17: 1A | S17: BERLIAN | T17: EZRA | U17: LAKI-LAKI | V17: MALANG | W17: 43950 | Y17: REGULER | Z17: - | AA17: ISLAM | AB17: WARGA NEGARA INDONESIA | AC17: JL. MULYOREJO NO. 36 | AD17: 001 | AE17: 002 | AF17: MULYOAGUNG | AG17: DAU | AH17: LUAR MALANG | AI17: 65151 | AJ17: MALANG | AM17: 082334050999 | AN17: 085231184999 | AO17: 2 | AP17: 1 | AS17: 16 | AT17: 106 | AV17: TIDAK | AW17: tidak ada | AX17: BAHASA INDONESIA | AY17: Mochammad Hannats Hanafi Ichsan, S.ST., M.T. | AZ17: 3507222912880001 | BA17: MALANG | BB17: 32506 | BC17: ISLAM | BD17: 082334050999 | BE17: S2 | BF17: DOSEN PNS | BG17: DEPARTEMEN INFORMATIKA, FAKULTAS ILMU KOMPUTER, UNIVERSITAS BRAWIJAYA | BH17: JL. VETERAN, KETAWANGGEDE, LOWOKWARU, KOTA MALANG, JAWA TIMUR, INDONESIA – 65145 | BI17: (0341) 577-911 | BJ17: 5000000 | BK17: hanas.hanafi@ub.ac.id | BL17: Aisshah Roesiana Dewi, S.ST., M.T. | BM17: 3573034312870002 | BN17: MALANG | BO17: 32114 | BP17: ISLAM | BQ17: 085231184999 | BR17: S2 | BS17: PENELITI | BT17: DEPARTEMEN TEKNIK INDUSTRI, FAKULTAS TEKNIK, UNIVERSITAS BRAWIJAYA | BU17: DEPARTEMEN TEKNIK INDUSTRI, FAKULTAS TEKNIK, UNIVERSITAS BRAWIJAYA JLN. MT. HARYONO 167, MALANG 65145, INDONESIA | BV17: +62 341 587710 | BW17: 3000000 | BX17: aisshah.roesiana@gmail.com | BY17: Prof. Dr. Siti Zubaidah, S.Pd, M.Pd | BZ17: MALANG | CA17: 24991 | CC17: 081334435234 | CD17: PROFESOR | CE17: Dosen
A18: 53 | I18: TAMAN KANAK-KANAK (TK) | J18: KARTIKA PRADANA | K18: JALAN AKORDION BARAT 2 TUNGGULWULUNG MALANG | M18: 2296 | N18: 320299422 | O18: 3573051209180004 | P18: 3573056203200002 | Q18: MYURA MAZIDAH ALZAR | R18: 1A | S18: BERLIAN | T18: MYURA | U18: PEREMPUAN | V18: MALANG | W18: 43912 | Y18: REGULER | AA18: ISLAM | AB18: WARGA NEGARA INDONESIA | AC18: PERMATA LAND B17 | AD18: 18 | AE18: 01 | AF18: TUNGGULWULUNG | AG18: LOWOKWARU | AH18: LOWOKWARU | AI18: 65143 | AJ18: MALANG | AM18: TIDAK ADA | AN18: 085641742667 | AO18: 2 | AP18: 1 | AS18: 16 | AT18: 110 | AV18: TIDAK | AW18: DEMAM, BATUK, PILEK | AX18: BAHASA INDONESIA DAN JAWA | AY18: AHMAD FIRDAUS NIZARUDIN, S.Hut. | AZ18: 3573051610890007 | BA18: MALANG | BB18: 32797 | BC18: ISLAM | BD18: 082245459771 | BE18: S1 | BF18: KARYAWAN SWASTA | BG18: BANK WOORI SAUDARA | BH18: JL. KAWI NO. 22, KEL.BANUMULYO KEC. KEPANJEN, KABUPATEN MALANG, JAWA TIMUR | BI18: TIDAK ADA | BJ18: 4.000.000 | BK18: nizarudin29@gmail.com | BL18: LUSVITA ANGGRAINI | BM18: 3572014203870004 | BN18: BLITAR | BO18: 31838 | BP18: ISLAM | BQ18: 085641742667 | BR18: S1 | BS18: KARYAWAN | BT18: UNIVERSITAS BRAWIJAYA | BU18: JALAN VETERAN | BV18: TIDAK ADA | BW18: 4.000.000 | BX18: lusvita.a@gmail.com | BY18: TIDAK ADA | BZ18: TIDAK ADA
A19: 82 | I19: TAMAN KANAK-KANAK (TK) | J19: TK NEGERI PEMBINA 1 MALANG | K19: JL. CIBOGO | M19: 2298 | N19: 31945563125 | O19: 3515050709180004 | P19: 3515051907190002 | Q19: NIRANKARA BIMASENA INDARSYAH | R19: 1A | S19: BERLIAN | T19: BIMA | U19: LAKI-LAKI | V19: MALANG | W19: 43665 | Y19: REGULER | AA19: ISLAM | AB19: WARGA NEGARA INDONESIA | AC19: GARDEN RESIDENCE BLOK SAKURA 1, MALANG | AD19: 43 | AE19: . | AF19: NGIJO | AG19: KARANGPLOSO | AH19: LUAR MALANG | AI19: 65152 | AJ19: MALANG | AM19: . | AN19: 082189672626 | AO19: 2 | AP19: 3 | AS19: 19.5 | AT19: 114 | AV19: TIDAK | AW19: tidak ada | AX19: INDONESIA, JAWA | AY19: DEDY INDARSYAH, SP. | AZ19: 3510102603310002 | BA19: BANYUWANGI | BB19: 33507 | BC19: ISLAM | BD19: 081249688025 | BE19: S1 | BF19: PEGAWAI BUMN | BG19: PTPN I REGIONAL 5 | BH19: KEBUN KALISAT JAMPIT BONDOWOSO | BJ19: 5.000.000 | BK19: dedyindarsyah@gmail.com | BL19: Dr. Wiwit Widyawati, SP. MP. | BM19: 3515056307900001 | BN19: SIDOARJO | BO19: 33077 | BP19: ISLAM | BQ19: 082189672626 | BR19: S3 | BS19: TENAGA PENDIDIK | BT19: FAKULTAS PERTANIAN UNIVERSITAS BRAWIJAYA | BU19: JL. VETERAN MALANG | BW19: 3.600.000 | BX19: wiwit23@ub.ac.id
A20: 61 | I20: TAMAN KANAK-KANAK (TK) | J20: OMAH BOCAH ANAFI | K20: SOEKARNO HATTA | M20: 2299 | N20: 3197088375 | O20: 3578080909140010 | P20: 3578082706190002 | Q20: NIZAM ABDUL HAFIDZ | R20: 1A | S20: BERLIAN | T20: NIZAM | U20: LAKI-LAKI | V20: SURABAYA | W20: 43643 | Y20: REGULER | AA20: ISLAM | AB20: WARGA NEGARA INDONESIA | AC20: MANALI HILL CLUSTER 2 BLOK B12 | AD20: 10 | AE20: 03 | AF20: TEGALGONDO | AG20: KARANGPLOSO | AH20: LUAR MALANG | AI20: 65152 | AJ20: MALANG | AM20: 085233208171 | AN20: 085233208171 | AO20: 1 | AP20: 1 | AS20: 30 | AT20: 120 | AV20: TIDAK | AW20: BATUK, PILEK | AX20: INDONESIA | AY20: Ardy Noviawan Putra, A.Md., S.Sos | AZ20: 3578210311890001 | BA20: SURABAYA | BB20: 32815 | BC20: ISLAM | BD20: 085233208171 | BE20: S1 | BF20: WIRAUSAHA | BG20: CV PARAS PESONA ABADI | BH20: JL KAPAS KRAMPUNG NO 214A, SURABAYA | BJ20: 10000000 | BK20: ardynoviawan@gmail.com | BL20: Novi Aditya Rosalita, S.M., M.SM | BM20: 3578086711890005 | BN20: SURABAYA | BO20: 32839 | BP20: ISLAM | BQ20: 085733300019 | BR20: S2 | BS20: WIRAUSAHA | BT20: CV PARAS PESONA ABADI | BU20: JL KAPAS KRAMPUNG NO 214A, SURABAYA | BW20: 10000000 | BX20: noviadityarosalita@gmail.com
A21: 5 | I21: TAMAN KANAK-KANAK (TK) | J21: ANAK SALEH | K21: JL. CANDI PANGGUNG INDAH NO. 1-3, MOJOLANGU, KEC. LOWOKWARU, KOTA MALANG, JAWA TIMUR. | M21: 2302 | N21: 3202869285 | O21: 3573051902130012 | P21: 3573050704200002 | Q21: RAMANDARA DIMAS HERMANTO | R21: 1A | S21: BERLIAN | T21: RAMA | U21: LAKI-LAKI | V21: MALANG | W21: 43928 | Y21: REGULER | AA21: ISLAM | AB21: WARGA NEGARA INDONESIA | AC21: JL CANDIMENDUT 4 KAV1 NO 1 PERM BAMBOE PARK | AD21: 002 | AE21: 008 | AF21: TULUSREJO | AG21: LOWOKWARU | AH21: LOWOKWARU | AI21: 65141 | AJ21: KOTA MALANG | AM21: 0341497939 | AN21: 081333118693 | AO21: 3 | AP21: 2 | AS21: 18 | AT21: 110 | AV21: TIDAK | AW21: Bidur | AX21: JAWA DAN INDONESIA | AY21: Dony Hermanto, SAB | AZ21: 3573052207790006 | BA21: MADIUN | BB21: 29058 | BC21: ISLAM | BD21: 082245576698 | BE21: S1 | BF21: WIRASWASTA | BG21: SWASTA | BH21: JL CANDI MENDUT 4 KAV 1 NO 1 PERM, BAMBOE PARK | BI21: 0341 497939 | BJ21: 6000000 | BK21: dyhermanto@gmail.com | BL21: Mamik Suhariyani, SAP | BM21: 3573056308810001 | BN21: MALANG | BO21: 30186 | BP21: ISLAM | BQ21: 081333118693 | BR21: S1 | BS21: IBU RUMAH TANGGA | BT21: RUMAH | BU21: JL. CANDIMENDUT 4 PERM. BAMBOEPARK KAV.1 NO 1 | BV21: 0341497939 | BW21: 0 | BX21: mshermanto@gmail.com
A22: 2 | I22: TAMAN KANAK-KANAK (TK) | J22: TK PERMATA IMAN 1 | K22: JL. BATU PERMATA NO. 9 TLOGOMAS | M22: 2303 | N22: 3195719568 | O22: 3510161710130001 | P22: 3510164503190004 | Q22: RAYNA MECCA FERHANADYA | R22: 1A | S22: BERLIAN | T22: MEME | U22: PEREMPUAN | V22: MALANG | W22: 43529 | Y22: REGULER | AA22: ISLAM | AB22: WARGA NEGARA INDONESIA | AC22: PERUM PERMATA HIJAU. BLOK B NO 24 | AD22: 3 | AE22: 9 | AF22: TLOGOMAS | AG22: LOWOKWARU | AH22: LOWOKWARU | AI22: 65144 | AJ22: MALANG | AM22: 082221122452 | AN22: 082221122452 | AO22: 3 | AP22: 2 | AS22: 21,6 kg | AT22: 116,5 cm | AV22: TIDAK | AW22: BATUK | AX22: INDONESIA | AY22: Fery Eriyanto, SH | AZ22: 5271012001830006 | BA22: BANYUWANGI | BB22: 30336 | BC22: ISLAM | BD22: 082220222666 | BE22: S1 | BF22: PNS | BG22: KPP PRATAMA TOLI TOLI | BH22: JL. MOGAMU NO.102 TUWELEY, KEC. BAOLAN, KAB. TOLI TOLI, SULAWESI TENGAH 94514 | BI22: ( 0453 ) 23765 | BJ22: Rp. 25,000,000 | BK22: ferye886@gmail.com | BL22: dr. Hanum Lukitaningrum | BM22: 5271016409850003 | BN22: MALANG | BO22: 31314 | BP22: ISLAM | BQ22: 082221122452 | BR22: S1 | BS22: IBU RUMAH TANGGA | BT22: RUMAH | BU22: PERUM. PERMATA HIJAU BLOK B NO. 24 | BV22: 082221122452 | BW22: - | BX22: lukitaningrum@gmail.con | BY22: dr. Hanum Lukitaningrum | BZ22: MALANG | CA22: 31314 | CC22: 082221122452 | CD22: S1 | CE22: Ibu Rumah Tangga
A23: 63 | I23: TAMAN KANAK-KANAK (TK) | J23: PAUD TERPADU ANAK SALEH | K23: JL CANDI PANGGUNG INDAH NO 1-3 | M23: 2308 | N23: 3198466212 | O23: 3573021909190007 | P23: 3573026907190003 | Q23: RT ELEANOR AMARA PRATISHTA | R23: 1A | S23: BERLIAN | T23: LEA | U23: PEREMPUAN | V23: MALANG | W23: 43675 | Y23: PDBK (BERKEBUTUHAN KHUSUS) | Z23: ASD ringan | AA23: ISLAM | AB23: WARGA NEGARA INDONESIA | AC23: PERMATA JINGGA WEST AREA H / 15 | AD23: 10 | AE23: 06 | AF23: TUNGGULWULUNG | AG23: LOWOKWARU | AH23: LOWOKWARU | AI23: 65143 | AJ23: KOTA MALANG | AM23: - | AN23: 081333191599 | AO23: 1 | AP23: - | AS23: 13 kg | AT23: 108 cm | AV23: TIDAK | AW23: - | AX23: BAHASA INDONESIA | AY23: ADITYA MAHATAMTAMA ARYA MAHESA, S.Ikom | AZ23: 3573042608900004 | BA23: MALANG | BB23: 33111 | BC23: ISLAM | BD23: 081333191599 | BE23: S1 | BF23: WIRASWASTA | BG23: PT LOGAM ASIR | BH23: JL RAYA BLITAR NO 106-106, NGUNUT, TULUNGAGUNG | BI23: - | BJ23: Rp 30.000.000 - 40.000.000 / bulan | BK23: firanurbillah92@gmail.com | BL23: FIRA NURBILLAH, S.I.KOM | BM23: 3573054210920001 | BN23: MALANG | BO23: 33879 | BP23: ISLAM | BQ23: 081333191599 | BR23: S1 | BS23: IRT | BT23: RUMAH | BU23: - | BV23: - | BW23: - | BX23: firanurbillah92@gmail.com | BY23: SRI WIJAYAWATI | BZ23: MALANG | CC23: 08123305003 | CD23: S1 | CE23: WIRASWASTA
A24: 46 | I24: TAMAN KANAK-KANAK (TK) | J24: TK ANDALUSIA KIDS | K24: MERJOSARI MALANG | M24: 2309 | O24: 3516121211180006 | P24: 3516122705190002 | Q24: SALMAN MALIK AKHMAD | R24: 1A | S24: BERLIAN | T24: ISHAL | U24: LAKI-LAKI | V24: MALANG | W24: 43612 | Y24: REGULER | AA24: ISLAM | AB24: WARGA NEGARA INDONESIA | AC24: PERUM PERMATA JINGGA BLOK PINUS NO 36 | AD24: 07 | AE24: 06 | AF24: TUNGGULWULUNG | AG24: LOWOKWARU | AH24: LOWOKWARU | AI24: 65143 | AJ24: MALANG | AM24: 081333555026 | AN24: 081334480834 | AO24: 1 | AP24: 1 | AS24: 20 | AT24: 117 | AV24: TIDAK | AW24: - | AX24: BAHASA INDONESIA | AY24: Akhmad Amirudin, S.AP, M.AP, M.Pol.sc, P.hD. | AZ24: 3516122604870001 | BA24: MOJOKERTO | BB24: 31893 | BC24: ISLAM | BD24: 081333555026 | BE24: S3 | BF24: DOSEN DAN PENGUSAHA | BG24: UNIVERSITAS BRAWIJAYA | BH24: JL. MT. HARYONO NO.163, KETAWANGGEDE, KEC. LOWOKWARU, KOTA MALANG | BI24: 0341-553737 | BJ24: +- 50juta | BK24: akhmadamirudin@gmail.com | BL24: Kirana Nur Novia Dewi, S.AP. | BM24: 3301215111970003 | BN24: CILACAP | BO24: 35745 | BP24: ISLAM | BQ24: 081334480834 | BR24: S1 | BS24: IRT DAN PENGUSAHA | BT24: - | BU24: - | BV24: - | BW24: -+ 20juta | BX24: kiranad198@gmail.com
A25: 58 | I25: TAMAN KANAK-KANAK (TK) | J25: TK OMAH BOCAH ANNAAFII | K25: PERUM GRIYASANTA L301, MOJOLANGU, KEC. LOWOKWARU, KOTA MALANG, JAWA TIMUR 65141 | M25: 2310 | N25: 3199563005 | O25: 3308180706170004 | P25: 3308185309190004 | Q25: SEANNA RADINKA DIKSA | R25: 1A | S25: BERLIAN | T25: SEA | U25: PEREMPUAN | V25: MAGELANG | W25: 43721 | Y25: REGULER | AA25: ISLAM | AB25: WARGA NEGARA INDONESIA | AC25: EAST GARDEN RESIDENCE BLOK SALVIA 12 | AD25: 0 | AE25: 0 | AF25: NGIJO | AG25: KARANGPLOSO | AH25: LUAR MALANG | AI25: 65152 | AJ25: KABUPATEN MALANG | AM25: - | AN25: 085643871891 | AO25: 1 | AP25: 1 | AS25: 16 | AT25: 113.5 | AV25: TIDAK | AW25: BATUK, PILEK | AX25: INDONESIA | AY25: RONDISE SYIFA DIKSA | AZ25: 3308180703890006 | BA25: SURABAYA | BB25: 32574 | BC25: ISLAM | BD25: 085741805789 | BE25: S1 | BF25: PEGAWAI SWASTA | BG25: PT ASTRA GRAPHIA TBK | BH25: JL. BOROBUDUR AGUNG BARAT VII NO.8B, MOJOLANGU, LOWOKWARU, MALANG | BJ25: 10 juta | BK25: badamers.02@gmail.com | BL25: SOFIA AGUSTINA | BM25: 3308205708890002 | BN25: MAGELANG | BO25: 32737 | BP25: ISLAM | BQ25: 085643871891 | BR25: S1 | BS25: ASN | BT25: KPP PRATAMA MALANG UTARA | BU25: JL. JAKSA AGUNG SUPRAPTO KAV.29-31 KLOJEN, KOTA MALANG | BW25: 10 JUTA | BX25: SOFIAGUSTINA.SA@GMAIL.COM
A26: 70 | I26: BUSTHANUL ATHFAL (BA) | J26: BA RESTU 1 MALANG | K26: JL. BANDUNG | M26: 2320 | N26: 3198531177 | O26: 3573011105150006 | P26: 3573014305190004 | Q26: ZASKIA MAKHAYLA RABBINA | R26: 1A | S26: BERLIAN | T26: KHAYLA | U26: PEREMPUAN | V26: MALANG | W26: 43588 | Y26: REGULER | AA26: ISLAM | AB26: WARGA NEGARA INDONESIA | AC26: JL. ZAENAL ZAKSE GG 2 NO.2511 | AD26: 06 | AE26: 04 | AF26: JODIPAN | AG26: BLIMBING | AH26: BLIMBING | AI26: 65127 | AJ26: KOTA MALANG | AM26: 087856888584 | AN26: 087856888584 | AO26: 2 | AP26: 1 | AS26: 17,5 | AT26: 110cm | AV26: TIDAK | AW26: BATUK | AX26: BAHASA INDONESIA | AY26: Imam Turmudzi | AZ26: 3573030706880002 | BA26: MALANG | BB26: 32301 | BC26: ISLAM | BD26: 081232567488 | BE26: SMP/MTs SEDERAJAT | BF26: DIREKTUR PT. PERSIBA BERIMAN | BG26: PERSIBA BERIMAN | BH26: JL. GATOT SUBROTO NO.72 PANCORAN JAKARTA SELATAN | BI26: 0 | BJ26: 10jt | BK26: imamvws@gmail.com | BL26: Vina Wulan Sari | BM26: 3573015011890001 | BN26: MALANG | BO26: 32822 | BP26: ISLAM | BQ26: 087856888584 | BR26: S1 | BS26: IBU RUMAH TANGGA | BT26: 0 | BU26: 0 | BV26: 0 | BW26: 0 | BX26: vilansa99@gmail.com
A27: 94 | I27: RAUDHATUL ATHFAL (RA) | J27: RA MIFTAHUL HUDA | K27: JL MASJID NO 23 KEC KARANGPLOSO KAB MALANG | M27: 2321 | N27: 3198980505 | O27: 3271042503170001 | P27: 3271045811190003 | Q27: ZAURA CALIANNA JASMINE | R27: 1A | S27: BERLIAN | T27: ZAURA | U27: PEREMPUAN | V27: MALANG | W27: 43787 | Y27: REGULER | AA27: ISLAM | AB27: WARGA NEGARA INDONESIA | AC27: JL COKROAMINOTO LOWOKSARI NO 354 RT/RW 05/05 NGENEP, KARANGPLOSO KAB. MALANG | AD27: 5 | AE27: 5 | AF27: NGENEP | AG27: KARANGPLOSO | AH27: LUAR MALANG | AI27: 65152 | AJ27: MALANG | AM27: 085723086974 | AN27: 089738331974 | AO27: 2 | AP27: Abqori Kenzie Ramadhan | AS27: 18.7 | AT27: 106 | AV27: ADA | AW27: BATUK | AX27: INDONESIA | AY27: Hasannudin, S. T. P | AZ27: 3271041511890004 | BA27: BOGOR | BB27: 32827 | BC27: ISLAM | BD27: 085723086974 | BE27: S1 | BF27: PNS | BG27: BRMPTAS MALANG | BH27: JL RAYA KARANGPLOSO KM 4 MALANG | BI27: 0341491447 | BJ27: 7000000 | BK27: hasan_abuy@yahoo.co.id | BL27: Fajar Lestary | BM27: 3271064601910001 | BN27: BOGOR | BO27: 33244 | BP27: ISLAM | BQ27: 089638331974 | BR27: S1 | BS27: PNS | BT27: LABORATORIUM BEA CUKAI NGURAH RAI | BU27: JL AIRPORT NGURAH RAI TUBAN BADUNG BALI | BV27: 089638331974 | BW27: 14000000 | BX27: fajarlesta@yahoo.co.id | BY27: Imas Sumarni, S. Pd | BZ27: BOGOR | CA27: 24881 | CC27: 087780117105 | CD27: S1 | CE27: PNS
A28: 7 | I28: TAMAN KANAK-KANAK (TK) | J28: TK ANAK SALEH | K28: JL. CANDI PANGGUNG INDAH NO. 1-3, DESA MOJOLANGU, KECAMATAN LOWOKWARU, KOTA MALANG | M28: 2322 | N28: 3197486497 | O28: 3514080404180002 | P28: 3514086906190001 | Q28: ZEEANA ASEEQA PUTRI WIJAYA | R28: 1A | S28: BERLIAN | T28: ZEE | U28: PEREMPUAN | V28: MALANG | W28: 43645 | Y28: REGULER | AA28: ISLAM | AB28: WARGA NEGARA INDONESIA | AC28: MUTIARA JINGGA RESIDENCE A7 | AD28: 7 | AE28: 4 | AF28: TASIKMADU | AG28: LOWOKWARU | AH28: LOWOKWARU | AI28: 65143 | AJ28: KOTA MALANG | AM28: - | AN28: 082244440442 | AO28: Pertama | AP28: Satu | AS28: 16 kg | AT28: 108 cm | AV28: TIDAK | AW28: DEMAM, BATUK, PILEK | AX28: INDONESIA | AY28: Nofian Wijaya, S.Pd.,M.H. | AZ28: 3514081811920001 | BA28: PASURUAN | BB28: 33926 | BC28: ISLAM | BD28: 082244440443 | BE28: S2 | BF28: GURU | BG28: SMP NEGERI 1 PURWOSARI | BH28: JL. RAYA PUNTIR NO.128, DONOREJO, MARTOPURO, KEC. PURWOSARI, PASURUAN, JAWA TIMUR 67162 | BJ28: 3.500.000 | BK28: nofianwijaya25@gmail.com | BL28: Mifta Kharima Akbari Putri, M.Pd. | BM28: 3507244201920003 | BN28: MALANG | BO28: 33605 | BP28: ISLAM | BQ28: 082244440442 | BR28: S2 | BS28: GURU | BT28: SMP NEGERI 04 BATU | BU28: JL. PANGERAN DIPONEGORO NO.18, TULUNGREJO, KEC. BUMIAJI, KOTA BATU, JAWA TIMUR 65336 | BW28: 3.000.000 | BX28: kharimamifta@gmail.com | BY28: Titin Suhernaning, S.Pd. | BZ28: MALANG | CA28: 22881 | CC28: +62 822-5701-5101 | CD28: S1
A29: 83 | I29: TAMAN KANAK-KANAK (TK) | J29: TK LAB MALANG | K29: JL. MAGELANG NO. 2, SUMBERSARI, KEC. LOWOKWARU, KOTA MALANG, JAWA TIMUR | M29: 2243 | N29: 3186347593 | O29: 3507241102190013 | P29: 3507222412180001 | Q29: ARJUNA SAKHA PURBAYA | R29: 1B | S29: MUTIARA | T29: JUNA | U29: LAKI-LAKI | V29: MALANG | W29: 43458 | Y29: PDBK (BERKEBUTUHAN KHUSUS) | Z29: Cerebral Palsy | AA29: ISLAM | AB29: WARGA NEGARA INDONESIA | AC29: PUNCAK DIENG JJ1 NO7 | AD29: 003 | AE29: 007 | AF29: KALISONGO | AG29: DAU | AH29: LUAR MALANG | AI29: 65151 | AJ29: MALANG | AM29: - | AN29: 082230111110 | AO29: 1 | AP29: I | AS29: 20 | AT29: 110 | AV29: TIDAK | AW29: BATUK, PILEK | AX29: BAHASA INDONESIA | AY29: A Hendik Purbaya Mahadi Putra, SE., MM. | AZ29: 3507221109910003 | BA29: SURABAYA | BB29: 33492 | BC29: ISLAM | BD29: 081333221110 | BE29: S2 | BF29: SWASTA | BG29: STAFF ALHI DPR RI | BH29: JL. GATOT SUBROTO NO.1, RT.1/RW.3, SENAYAN, KECAMATAN TANAH ABANG, KOTA JAKARTA PUSAT, DAERAH KHUSUS IBUKOTA JAKARTA 10270 | BJ29: Rp 10.000.000 | BK29: hendikpurbaya@gmail.com | BL29: Micky Dita Avrilia, SE., MM. | BM29: 3507047004920002 | BN29: MALANG | BO29: 33724 | BP29: ISLAM | BQ29: 082230111110 | BR29: S2 | BS29: WIRASWASTA | BT29: SATU ATTIRE | BU29: JL CAKALANG 180, KOTA MALANG | BW29: 5.000.000 | BX29: mickydit@gmail.com
A30: 85 | I30: TAMAN KANAK-KANAK (TK) | J30: KARTIKA PRADANA | K30: JL. SIMPANG AKORDEON NO.2, TUNGGULWULUNG, KEC. LOWOKWARU, KOTA MALANG, JAWA TIMUR 65147 | M30: 2227 | N30: 3187956648 | O30: 3573051902180005 | P30: 3573055912180002 | Q30: AISYAH ZAHEERA THARYA | R30: 1B | S30: MUTIARA | T30: ZAHEERA | U30: PEREMPUAN | V30: MALANG | W30: 43453 | Y30: REGULER | AA30: ISLAM | AB30: WARGA NEGARA INDONESIA | AC30: PERUMAHAN GRAND ARUMBA BLOK I NO 16 | AD30: 1 | AE30: 4 | AF30: TUNGGULWULUNG | AG30: LOWOKWARU | AH30: LOWOKWARU | AI30: 65143 | AJ30: MALANG | AM30: 085321483355 | AN30: 085321483355 | AO30: 1 | AP30: 1 | AS30: 19 | AT30: 108 | AV30: ADA | AW30: TB | AX30: INDONESIA | AY30: M Nashiruddin Abubakar S.T | AZ30: 3573052601890001 | BA30: MALANG | BB30: 32534 | BC30: ISLAM | BD30: 085321483355 | BE30: S1 | BF30: KARYAWAN SWASTA | BG30: PT TUMBUH BERSAMA NANO | BH30: MAYAPADA TOWER 1, JL. JENDERAL SUDIRMAN NO.KAV. 28 20TH FLOOR, SUITE 03A, KARET KUNINGAN, KECAMATAN SETIABUDI, KOTA JAKARTA SELATAN, DAERAH KHUSUS IBUKOTA JAKARTA 12920 | BJ30: 15000000 | BK30: nashiruddin.abubakar@gmail.com | BL30: Irna FIbianti S.S, S.Pd | BM30: 3573024706890001 | BN30: MALANG | BO30: 32666 | BP30: ISLAM | BQ30: 087754451898 | BR30: S1 | BS30: GURU | BT30: TBI (THE BRITISH INSTITUTE) | BU30: JL. SOEKARNO HATTA NO.A.2, MOJOLANGU, KEC. LOWOKWARU, KOTA MALANG, JAWA TIMUR 65142 | BW30: 2000000-3000000 | BX30: irnafibianti@gmail.com
A31: 31 | I31: TAMAN KANAK-KANAK (TK) | J31: TK ANAK SALEH | K31: JL. CANDI PANGGUNG INDAH 1-3 MALANG | M31: 2229 | N31: 3205188675 | O31: 3573040112140007 | P31: 3573044601200001 | Q31: AKLEEMA HAJEERA FERRYANTO | R31: 1B | S31: MUTIARA | T31: AKIMA | U31: PEREMPUAN | V31: MALANG | W31: 43836 | Y31: REGULER | AA31: ISLAM | AB31: WARGA NEGARA INDONESIA | AC31: JL. RAYA CANDI II / 253 | AD31: 005 | AE31: 002 | AF31: KARANGBESUKI | AG31: SUKUN | AH31: SUKUN | AI31: 65146 | AJ31: KOTA MALANG | AM31: 081333833311 | AN31: 087859928461 | AO31: 2 | AP31: 1 | AS31: 16.4 kg | AT31: 105 cm | AV31: TIDAK | AW31: BATUK, PILEK | AX31: BAHASA INDONESIA | AY31: Ferry Andi Susanto A,Md | AZ31: 3573041002900005 | BA31: MALANG | BB31: 32914 | BC31: ISLAM | BD31: 081333833311 | BE31: SMA/SMK SEDERAJAT | BF31: PEDAGANG | BG31: UD. PUTERA DASRIM | BH31: JL. RAYA CANDI II NO.251 | BI31: 081333833311 | BJ31: 7 jt | BK31: ferryas10@gmail.com | BL31: Vita Valianta | BM31: 3205017001900002 | BN31: GARUT | BO31: 32903 | BP31: ISLAM | BQ31: 087859928461 | BR31: SMA/SMK SEDERAJAT | BS31: IBU RUMAH TANGGA | BT31: RUMAH | BU31: JL. RAYA CANDI II / 253 | BV31: 087859928461 | BW31: 0 | BX31: valiantavita@gmail.com
A32: 49 | I32: TAMAN KANAK-KANAK (TK) | J32: PAUD KAMILIA | K32: SAWOJAJAR | M32: 2237 | N32: 3193132028 | O32: 3573032407140008 | P32: 3573034812190002 | Q32: AMAYRA FATHIA ADMAZIA | R32: 1B | S32: MUTIARA | T32: AYRA | U32: PEREMPUAN | V32: MALANG | W32: 43807 | Y32: REGULER | AA32: ISLAM | AB32: WARGA NEGARA INDONESIA | AC32: JL SIMPANG DANAU LIMBOTO TIMUR 2 A5 H22 | AD32: 04 | AE32: 14 | AF32: SAWOJAJAR | AG32: KEDUNGKANDANG | AH32: KEDUNGKANDANG | AI32: 65139 | AJ32: KOTA MALANG | AM32: 081233234696 | AN32: 081233234696 | AO32: 2 | AP32: 1 | AS32: 15 | AT32: 108 | AV32: TIDAK | AW32: Tidak ada | AX32: BAHASA INDONESIA | AY32: Bima Aziz Muttaqi S.AP | AZ32: 3575011110860002 | BA32: PASURUAN | BB32: 31696 | BC32: ISLAM | BD32: 081233234696 | BE32: S1 | BF32: WIRAUSAHA | BG32: ZEA GROSIR | BH32: JL. SIMPANG DANAU LIMBOTO TIMUR 2 A5 H21 | BI32: 081233234696 | BJ32: 5000000 | BK32: bimamuttaqi@gmail.com | BL32: Rr Addini Zea Prameswari S.AB | BM32: 3573036506870002 | BN32: MALANG | BO32: 31953 | BP32: ISLAM | BQ32: 085646363936 | BR32: S1 | BS32: WIRAUSAHA | BT32: ZEA GROSIR | BU32: DANAU LIMBOTO TIMUR A5H22 | BV32: 085646363936 | BW32: 5000000 | BX32: dinizea05@gmail.com
A33: 13 | I33: TAMAN KANAK-KANAK (TK) | J33: PAUD TERPADU ANAK SALEH | K33: JLN CANDI PANGGUNG INDAH | M33: 2238 | N33: 3190327329 | O33: 3579032909160006 | P33: 3579034408190001 | Q33: AMIRA JASMINE ELMUBAREK | R33: 1B | S33: MUTIARA | T33: JASMINE | U33: PEREMPUAN | V33: MALANG | W33: 43681 | Y33: REGULER | AA33: ISLAM | AB33: WARGA NEGARA INDONESIA | AC33: LEMBAH DELIMA RESIDENCE NO 9 | AD33: 10 | AE33: 10 | AF33: TEMAS | AG33: BATU | AH33: LUAR MALANG | AI33: 65315 | AJ33: BATU | AM33: 0 | AN33: 08123369298 | AO33: 2 | AP33: 1 | AS33: 17kg | AT33: 110cm | AV33: TIDAK | AW33: BATUK | AX33: INDONESIA | AY33: Abdulloh Charis | AZ33: 3579030207890004 | BA33: MALANG | BB33: 32691 | BC33: ISLAM | BD33: 081230079978 | BE33: S1 | BF33: KARYAWAN SWASTA | BG33: PT DIRI ARTHA SEHAT | BH33: JLN. KEBON JERUK BARU JAKARTA BARAT | BI33: 0 | BJ33: 25.000.000 - 50.000.000 | BK33: me@chars.me | BL33: Ayu Miranti Puji Lestari | BM33: 3506177010920001 | BN33: KEDIRI | BO33: 33907 | BP33: ISLAM | BQ33: 081233690298 | BR33: S1 | BS33: WIRASWASTA | BT33: CAFEIN (COLD PRESSED ERA & JERUK LOKAL MALANG) | BU33: JLN BENDUNGAN SIGURA-GURA | BV33: 0 | BW33: >10.000.000 | BX33: ayumiranti@chars.me
A34: 22 | I34: TAMAN KANAK-KANAK (TK) | J34: TK LABORATORIUM UM | K34: JL. MAGELANG NO.2, RW.3, SUMBERSARI, KEC. LOWOKWARU, KOTA MALANG, JAWA TIMUR 65145 | M34: 2241 | N34: 3193961919 | O34: 3573052303200008 | P34: 3573055403200001 | Q34: ANGSANA KILAU MALINI | R34: 1B | S34: MUTIARA | T34: ANGSANA | U34: PEREMPUAN | V34: MALANG | W34: 43904 | Y34: REGULER | AA34: ISLAM | AB34: WARGA NEGARA INDONESIA | AC34: PERUM TUNJUNG SEKAR DAMAI Q-19, LOWOKWARU, MALANG | AD34: 010 | AE34: 004 | AF34: TUNJUNGSEKAR | AG34: LOWOKWARU | AH34: LOWOKWARU | AI34: 65142 | AJ34: MALANG | AM34: 081329628967 | AN34: 081329628967 | AO34: 1 | AP34: 1 | AS34: 18 | AT34: 110 | AV34: TIDAK | AW34: BATUK | AX34: BAHASA INDONESIA | AY34: Alan Sigit Fibrianto, S.Pd., M.Sos. | AZ34: 3312110402930002 | BA34: WONOGIRI | BB34: 34004 | BC34: ISLAM | BD34: 081329628967 | BE34: S2 | BF34: DOSEN | BG34: UNIVERSITAS NEGERI MALANG (UM) | BH34: JL. SEMARANG, NO. 05, KOTA MALANG | BI34: 0341-551312 | BJ34: 7.500.000 | BK34: alan.sigit.fis@um.ac.id | BL34: Ananda Dwitha Yuniar, S.I.Kom., M.A. | BM34: 3573056406930003 | BN34: MALANG | BO34: 34144 | BP34: ISLAM | BQ34: 081333015283 | BR34: S2 | BS34: DOSEN | BT34: UNIVERSITAS NEGERI MALANG (UM) | BU34: JL. SEMARANG, NO. 05, KOTA MALANG | BV34: 0341-551312 | BW34: 7.500.000 | BX34: ananda.dwitha.fis@um.ac.id
A35: 78 | I35: TAMAN KANAK-KANAK (TK) | J35: ANDALUSIA KIDS MERJOSARI | K35: JLN. JOYOGRAND, MERJOSARI MAKANG | M35: 2249 | O35: 3573050401210002 | P35: 3573056803200006 | Q35: AWFARA ZIYA ARZAQINA WIKA | R35: 1B | S35: MUTIARA | T35: ZIYA | U35: PEREMPUAN | V35: MALANG | W35: 43918 | Y35: REGULER | AA35: ISLAM | AB35: WARGA NEGARA INDONESIA | AC35: PERUMAHAN PERMATA JINGGA BLOK ANGGREK VI NO 29, LOWOKWARU, KOTA MALANG, JAWA TIMUR 65142 | AD35: 008 | AE35: 006 | AF35: TUNGGULWULUNG | AG35: LOWOKWARU | AH35: LOWOKWARU | AI35: 65142 | AJ35: MALANG | AM35: 082244433392 | AN35: 082244433392 | AO35: 1 | AP35: 1 | AS35: 19 | AT35: 120 | AV35: TIDAK | AW35: BATUK, PILEK | AX35: INDONESIA | AY35: Dr.dr. Alfian Wika Cahyono, M.Biomed | AZ35: 9202070401920001 | BA35: MANOKWARI (PAPUA BARAT) | BB35: 33607 | BC35: ISLAM | BD35: 082244433392 | BE35: S3 | BF35: DOKTER DAN WIRASWASTA | BG35: RS WARON HOSPITAL & WIKACELL | BH35: JLN SOEKARNO HATTA D505 MALANG | BJ35: 40.000.000,- | BK35: wikacahyo92@gmail.com | BL35: dr. Wiji Astuti | BM35: 3507234509910004 | BN35: MANOKWARI | BO35: 33486 | BP35: ISLAM | BQ35: 085344534559 | BR35: S1 | BS35: DOKTER | BT35: KLINIK AKURA MALANG | BU35: JLN. MAYJEN PANJAITAN | BW35: 3.000.0000 | BX35: Wijiazis18@gmail.com
A36: 12 | I36: TAMAN KANAK-KANAK (TK) | J36: TK ISLAMIC CENTRE SURABAYA | K36: JLN. RAYA DUKUH KUPANG NO. 122-124, SURABAYA | M36: 2253 | N36: 3191518965 | O36: 3175072406190071 | P36: 3175075806190004 | Q36: CLEMIRA YUMNA BASYAR | R36: 1B | S36: MUTIARA | T36: CLEMIRA/UNA | U36: PEREMPUAN | V36: BEKASI | W36: 43634 | Y36: REGULER | AA36: ISLAM | AB36: WARGA NEGARA INDONESIA | AC36: JL. KULINTANG NO. 7, PERUM. TUNGGUL KENCANA | AD36: 12 | AE36: 01 | AF36: TUNGGUL WULUNG | AG36: LOWOKWARU | AH36: LOWOKWARU | AI36: 65143 | AJ36: KOTA MALANG | AM36: 081287690480 | AN36: 0812876904780 | AO36: 1 | AP36: 0 | AS36: 16 | AT36: 110 | AV36: TIDAK | AW36: BATUK, PILEK | AX36: BAHASA INDONESIA | AY36: JOURAST SYAHRIANDY RIFKY | AZ36: 3175070103930005 | BA36: JAKARTA | BB36: 34029 | BC36: ISLAM | BD36: 082294109312 | BE36: S1 | BF36: KARYAWAN SWASTA | BG36: PT. MOTASA INDONESIA | BH36: CIPUTRA WORLD OFFICE TOWER, JL. MAYJEN SUNGKONO SURABAYA | BJ36: 15.000.000 | BK36: jourastjordy93@gmail.com | BL36: FIRIS BASMA LANJAR,STP. | BM36: 3275024105900022 | BN36: JAKARTA | BO36: 32994 | BP36: ISLAM | BQ36: 081287690480 | BR36: S1 | BS36: IBU RUMAH TANGGA | BT36: RUMAH | BU36: JL. KULINTANG KAV 7 | BW36: Dari Suami | BX36: fortuna.irish@gmail.com
A37: 75 | I37: TAMAN KANAK-KANAK (TK) | J37: TK ANAK SALEH | K37: JL.CANDI PANGGUNG INDAH 1 - 3 | M37: 2256 | N37: 31966991309 | O37: 3573052611180009 | P37: 3573050305190005 | Q37: DZAFLAN TRISHAKEEL PUTRA | R37: 1B | S37: MUTIARA | T37: DZAFLAN | U37: LAKI-LAKI | V37: MALANG | W37: 43588 | Y37: REGULER | AA37: ISLAM | AB37: WARGA NEGARA INDONESIA | AC37: JL.GAJAYANA 32 | AD37: 04 | AE37: 03 | AF37: KETAWANGGEDE | AG37: LOWOKWARU | AH37: LOWOKWARU | AI37: 65145 | AJ37: KOTA MALANG | AM37: - | AN37: 082140009929 | AO37: 3 | AP37: 3 | AS37: 17 | AT37: 115 | AV37: TIDAK | AW37: BATUK | AX37: BAHASA INDONESIA | AY37: Eka Putra Sultana | AZ37: 3578112010810003 | BA37: SURABAYA | BB37: 29879 | BC37: ISLAM | BD37: 082143845995 | BE37: SMA/SMK SEDERAJAT | BF37: WIRASWASTA | BG37: - | BH37: - | BJ37: Rp.3.000.000 - Rp.5.000.000 | BK37: psychopathwear5@gmail.com | BL37: Sherli Fatma Yuza | BM37: 1304014210920004 | BN37: BUKITTINGGI | BO37: 33879 | BP37: ISLAM | BQ37: 082140009929 | BR37: SMA/SMK SEDERAJAT | BS37: IBU RUMAH TANGGA | BT37: - | BU37: - | BW37: - | BX37: psychopathwear5@gmail.com
A38: 52 | I38: TAMAN KANAK-KANAK (TK) | J38: TK ANAK SALEH | K38: JL. CANDI PANGGUNG INDAH 1-3 MALANG | M38: 2257 | N38: 3205979364 | O38: 3573052305110003 | P38: 3573054105200002 | Q38: FAHMA AAFIYAH SALSABILA | R38: 1B | S38: MUTIARA | T38: AAFIYA | U38: PEREMPUAN | V38: MALANG | W38: 43952 | Y38: REGULER | AA38: ISLAM | AB38: WARGA NEGARA INDONESIA | AC38: PERUMAHAN BUMI MERANTI WANGI, JL. HOUSE OF BMW, BLOK B NO. 23. KEC. BLIMBING KEL. PANDANWANGI. JAWA TIMUR, MALANG 65124 | AD38: 03 | AE38: 013 | AF38: PANDANWANGI | AG38: BLIMBING | AH38: BLIMBING | AI38: 65124 | AJ38: KOTA MALANG | AM38: 08176671870 | AN38: 08170496931 | AO38: 5 | AP38: 4 | AS38: 13 kg | AT38: 110 cm | AV38: TIDAK | AW38: BATUK, Pilek | AX38: BAHASA INDONESIA | AY38: Arif Furqon | AZ38: 3573043110820001 | BA38: MALANG | BB38: 30255 | BC38: ISLAM | BD38: 08170496931 | BE38: S1 | BF38: PENERJEMAH | BG38: TRANSLATIONLINKER | BH38: PERUMAHAN BUMI MERANTI WANGI, JL. HOUSE OF BMW, BLOK B NO. 23. KEC. BLIMBING KEL. PANDANWANGI. JAWA TIMUR, MALANG 65124 | BI38: 08176671870 | BJ38: 50000000 | BK38: furqon@translationlinker.com | BL38: Mawar Firdausi | BM38: 3573056301870001 | BN38: MALANG | BO38: 31800 | BP38: ISLAM | BQ38: 08176671870 | BR38: S1 | BS38: PENERJEMAH | BT38: TRANSLATIONLINKER | BU38: PERUMAHAN BUMI MERANTI WANGI, JL. HOUSE OF BMW, BLOK B NO. 23. KEC. BLIMBING KEL. PANDANWANGI. JAWA TIMUR, MALANG 65124 | BV38: 08176671870 | BW38: 50000000 | BX38: mawar.firdausi@translationlinker.com
A39: 16 | I39: TAMAN KANAK-KANAK (TK) | J39: ANAK SALEH | K39: ANAK SALEH | M39: 2269 | N39: 3208860696 | O39: 3573031010130021 | P39: 3573051704200004 | Q39: IRSYAD AZKARIAN PUTRA | R39: 1B | S39: MUTIARA | T39: IRSYAD | U39: LAKI-LAKI | V39: MALANG | W39: 43938 | Y39: REGULER | AA39: ISLAM | AB39: WARGA NEGARA INDONESIA | AC39: PERUMAHAN PERMATA JINGGA WEST SIDE AREA CLUSTER ZAHARA J8 MALANG | AD39: 010 | AE39: 006 | AF39: TUNGGULWULUNG | AG39: LOWOKWARU | AH39: LOWOKWARU | AI39: 65143 | AJ39: MALANG | AM39: - | AN39: 081333212370 | AO39: 1 | AP39: - | AS39: 19 | AT39: 109 | AV39: TIDAK | AW39: BATUK, PILEK | AX39: INDONESIA | AY39: dr. DOMY PRADANA PUTRA, Sp.OT | AZ39: 3573032410890003 | BA39: NGANJUK | BB39: 32805 | BC39: ISLAM | BD39: 081333123679 | BE39: S1 | BF39: DOKTER/DOSEN | BG39: FAKULTAS KEDOKTERAN UNIVERSITAS BRAWIJAYA MALANG | BH39: JL VETERAN KETAWANGGEDE LOWOKWARU MALANG 65145 | BI39: 0341-551611 | BJ39: 5.000.000-10.000.000 | BK39: domypradanaputra@gmail.com | BL39: dr. NADINA ZERLINDA MUSTAMSIR, Sp.PD | BM39: 3573056511900005 | BN39: SURABAYA | BO39: 33202 | BP39: ISLAM | BQ39: 081333212370 | BR39: S1 | BS39: DOKTER | BT39: PERSADA HOSPITAL | BU39: JL. RADEN PANJI SUROSO KV II-IV PURWODADI BLIMBING MALANG | BV39: 0341-2996333 | BW39: 5.000.000 | BX39: nadinazerlindamustamsir90@gmail.com
A40: 38 | I40: TAMAN KANAK-KANAK (TK) | J40: TK PERTAMA IMAN 1 | K40: JL. BATU PERMATA NO. 9 TLOGOMAS | M40: 2270 | O40: 3524071608105601 | P40: 3524070601200001 | Q40: JAVAS BIRU SHANKARA EDI | R40: 1B | S40: MUTIARA | T40: JAVAS | U40: LAKI-LAKI | V40: TUBAN | W40: 43836 | Y40: REGULER | AA40: ISLAM | AB40: WARGA NEGARA INDONESIA | AC40: JALAN SIMPANG RAYA CANDI 6 PERUMAHAN DE’CLUSTER SIGURA-GURA BLOK B4 | AD40: 11 | AE40: 06 | AF40: KARANGBESUKI | AG40: SUKUN | AH40: SUKUN | AI40: 65149 | AJ40: KOTA MALANG | AM40: 082330911715 | AN40: 082330911715 | AO40: 1 | AP40: 0 | AS40: 16 kg | AT40: 110 cm | AV40: TIDAK | AW40: DEMAM | AX40: INDONESIA | AY40: Abdul Mundlir, S.pd ( sudah bercerai) | AZ40: 3523171805900001 | BA40: TUBAN | BB40: 33011 | BC40: ISLAM | BD40: 081332682212 | BE40: S1 | BF40: BAWASLU | BG40: BAWASLU | BH40: JL. PRAMUKA NO. 5 SIDOREJO, KECAMATAN TUBAN, KABUPATEN TUBAN | BI40: (0356) 8833708 | BJ40: 7.000.000 | BK40: sunahdanis63@gmail.com | BL40: Ike Danis Fatussunah, S.H.I, M.H | BM40: 3524075505930003 | BN40: TUBAN | BO40: 34104 | BP40: ISLAM | BQ40: 082330911715 | BR40: S2 | BS40: WIRASWASTA | BT40: PT ISTANA BUDIDAYA KERAPU | BU40: DESA LABUHAN, BRONDONG, LAMONGAN | BW40: 7.000.000-10.000.000 | BX40: sunahdanis63@gmail.com | BY40: Soekarno, S.H, M.H | BZ40: TUBAN | CA40: 25005 | CC40: 081332682212 | CD40: S2 | CE40: Wiraswasta
A41: 62 | I41: TAMAN KANAK-KANAK (TK) | J41: TK OMAH BOCAH ANNAFI | K41: GRIYA SANTA L301 | M41: 2274 | N41: 3192881019 | O41: 3573051008070771 | P41: 3573051804190002 | Q41: KEYNAN AQILA DINATA | R41: 1B | S41: MUTIARA | T41: KEYNAN | U41: LAKI-LAKI | V41: MALANG | W41: 43573 | Y41: REGULER | Z41: - | AA41: ISLAM | AB41: WARGA NEGARA INDONESIA | AC41: PERMATA JINGGA BLOK KELAPA NO 16 | AD41: 07 | AE41: 06 | AF41: TUNGGULWULUNG | AG41: LOWOKWARU | AH41: LOWOKWARU | AI41: 65143 | AJ41: MALANG | AM41: - | AN41: 082245459879 | AO41: 3 | AP41: 2 | AS41: 19 | AT41: 108 | AV41: TIDAK | AW41: Tidak ada | AX41: CAMPUR | AY41: Andrees wahyu dinata S.t | AZ41: 3573051206800009 | BA41: MAGETAN | BB41: 29384 | BC41: ISLAM | BD41: 082245459870 | BE41: S1 | BF41: SWASTA | BG41: PHE WMO | BH41: GRESIK | BJ41: 35000000 | BK41: - | BL41: Sri murni | BM41: 3573055210780008 | BN41: BLORA | BO41: 28775 | BP41: ISLAM | BQ41: 082245459879 | BR41: SMA/SMK SEDERAJAT | BS41: IRT | BT41: - | BU41: - | BV41: - | BW41: - | BX41: 4mbukrien@gmail.com
A42: 28 | I42: TAMAN KANAK-KANAK (TK) | J42: MALIK NOOR FADJAR | K42: PISANG KIPAS | M42: 2280 | O42: 3573051403230011 | P42: 3573051507190006 | Q42: MAHER ALI ABDULLAH TARSUM | R42: 1B | S42: MUTIARA | T42: MAHER | U42: LAKI-LAKI | V42: JEDDAH | W42: 43661 | Y42: REGULER | Z42: - | AA42: ISLAM | AB42: WARGA NEGARA INDONESIA | AC42: PERUM PERMATA JINGGA BLOK CEMARA NO 15 | AD42: 06 | AE42: 06 | AF42: TUNGGULWULUNG | AG42: LOWOKWARU | AH42: LOWOKWARU | AI42: 65141 | AJ42: KOTA MALANG | AM42: - | AN42: 081459098831 | AO42: 1 | AP42: 2 | AS42: 18,6 kg | AT42: 110 cm | AV42: TIDAK | AW42: PILEK | AX42: INDONESIA | AY42: Ali abdullah sobari salim tarsum S.E | AZ42: 3376013108920002 | BA42: JEDDAH | BB42: 33847 | BC42: ISLAM | BD42: 081459098830 | BE42: S1 | BF42: WIRASWASTA | BG42: TRAVEL UMRAH INDO | BH42: RUKO PUNCAK BOROBUDUR MEGAH KAV 16 JLN SOEKARNO HATTA, RT 7/IV , MALANG JAWA TIMUR | BI42: 081459098830 | BJ42: 15jt | BK42: alitarsum@gmail.com | BL42: Syarifah aulianuar fitri | BM42: 6104044904000001 | BN42: KENDAWANGAN | BO42: 36625 | BP42: ISLAM | BQ42: 081459098831 | BR42: SMA/SMK SEDERAJAT | BS42: IRT | BT42: - | BU42: - | BV42: - | BW42: - | BX42: auliabachsin04@gmail.com
A43: 10 | I43: TAMAN KANAK-KANAK (TK) | J43: TK PERMATA IMAN 2 | K43: JL. IKAN KAKAP 90 TUNJUNG SEKAR MALANG | M43: 2283 | N43: 3195358838 | O43: 3507230904130001 | P43: 3507231511190001 | Q43: MUHAMMAD AHSAN ALFAROUQ | R43: 1B | S43: MUTIARA | T43: AHSAN | U43: LAKI-LAKI | V43: MALANG | W43: 43784 | Y43: REGULER | AA43: ISLAM | AB43: WARGA NEGARA INDONESIA | AC43: GREEN VIEW REGENCY BLOK F 19 | AD43: 037 | AE43: 014 | AF43: KEPUHARJO | AG43: KARANG PLOSO | AH43: LUAR MALANG | AI43: 65152 | AJ43: MALANG | AM43: 08125274879 | AN43: 08125274879 | AO43: 1 | AP43: 0 | AS43: 22 | AT43: 113 | AV43: TIDAK | AW43: BATUK, PILEK | AX43: BAHASA INDONESIA | AY43: dr Dedy Irawan SpJP (K) | AZ43: 3515172412830001 | BA43: BONDOWOSO | BB43: 30674 | BC43: ISLAM | BD43: 08125274879 | BE43: S2 | BF43: DOKTER | BG43: RSU UNIVERSITAS MUHAMMADIYAH MALANG | BH43: JL. RAYA TLOGOMAS NO 45 MALANG | BI43: 0341-561666 | BJ43: 30 jt | BK43: drdedy83@gmail.com | BL43: dr Rahmiyah Fadilah | BM43: 3515175002850001 | BN43: TARAKAN | BO43: 31088 | BP43: ISLAM | BQ43: 08125253905 | BR43: S1 | BS43: DOKTER | BT43: UMM | BU43: JL. RAYA TLOGOMAS 246 MALANG | BV43: 0341-463153 | BW43: 4 jt | BX43: diladilnew@gmail.com | BY43: Tutut riwayati | BZ43: MALANG | CA43: 24693 | CC43: 088989858601 | CD43: SMA/SMK SEDERAJAT | CE43: IRT
A44: 55 | I44: TAMAN KANAK-KANAK (TK) | J44: PAUD TERPADU ANAK SALEH | K44: JL. CANDI PANGGUNG INDAH 1-3 | M44: 2284 | N44: 3190842102 | O44: 3573052311200001 | P44: 3573051611190002 | Q44: MUHAMMAD ALDEBARAN MALIK | R44: 1B | S44: MUTIARA | T44: ALE | U44: LAKI-LAKI | V44: MALANG | W44: 43785 | Y44: REGULER | AA44: ISLAM | AB44: WARGA NEGARA INDONESIA | AC44: JL. BANTARAN BARAT II NO 2 | AD44: 002 | AE44: 016 | AF44: TULUSREJO | AG44: LOWOKWARU | AH44: LOWOKWARU | AI44: 65141 | AJ44: KOTA MALANG | AM44: 082187010904 | AN44: 082187010904 | AO44: 1 | AP44: 1 | AS44: 16 | AT44: 120 | AV44: TIDAK | AW44: BATUK, PILEK | AX44: INDONESIA | AY44: Muhammad Hatta Pratama | AZ44: 3573052002870004 | BA44: MALANG | BB44: 31828 | BC44: ISLAM | BD44: 087868515700 | BE44: S1 | BF44: KARYAWAN SWASTA | BG44: PT. DWIKARYA INDONESIA MANDIRI | BH44: JL. DANAU SENTANI | BJ44: 4500000 | BK44: Pratamahatta@gmail.com | BL44: Chossy Ayuning Puspitasari | BM44: 3573035605990003 | BN44: BEKASI | BO44: 36296 | BP44: ISLAM | BQ44: 082187010904 | BR44: SMA/SMK SEDERAJAT | BS44: WIRAUSAHA | BT44: USAHA RUMAHAN | BU44: JL. BANTARAN BARAT I NO 3 | BV44: 082187010904 | BW44: 2000000 | BX44: Chossyay.16@gmail.com
A45: 99 | I45: TAMAN KANAK-KANAK (TK) | J45: PAUD IT INSAN PERMATA | K45: JL. AKORDION UTARA TUNGGULWULUNG, KEC. LOWOKWARU | M45: 2285 | N45: 3195331696 | O45: 3517082711180011 | P45: 3517081903190004 | Q45: MUHAMMAD ALTHAF AMRULLAH | R45: 1B | S45: MUTIARA | T45: ALTHAF | U45: LAKI-LAKI | V45: JOMBANG | W45: 43543 | Y45: Reguler | Z45: . | AA45: ISLAM | AB45: WARGA NEGARA INDONESIA | AC45: PERUMAHAN D'GRAHA ARTHA NO. C52 | AD45: 04 | AE45: 05 | AF45: LANGLANG | AG45: SINGOSARI | AH45: LUAR MALANG | AI45: 65153 | AJ45: KABUPATEN MALANG | AM45: 082335233562 | AN45: 082221771507 | AO45: 1 | AP45: 0 | AS45: 21 | AT45: 112 | AV45: ADA | AW45: BATUK, PILEK | AX45: JAWA, INDONESIA | AY45: SAIFUL ANAM NASRULLAH | AZ45: 3573012205870001 | BA45: MALANG | BB45: 31919 | BC45: ISLAM | BD45: 082335233562 | BE45: S1 | BF45: KARYAWAN | BG45: UNIVERSITAS NEGERI MALANG | BH45: JL. CAKRAWALA NO. 5 SUMBERSARI, LOWOKWARU, KOTA MALANG | BI45: 0341551312 | BJ45: 3000000 | BK45: 2205.anam@gmail.com | BL45: Siti Mutrofin | BM45: 3517084909900002 | BN45: JOMBANG | BO45: 33125 | BP45: ISLAM | BQ45: 082221771507 | BR45: S1 | BS45: KARYAWAN SWASTA | BT45: PRIMALAND | BU45: JL. AKORDION UTARA RUKO 1 PERUM DE PRIMA TUNGGULWULUNG, LOWOKWARU, MALANG | BV45: . | BW45: 2500000 | BX45: st.mutrofiiin@gmail.com
A46: 20 | I46: RAUDHATUL ATHFAL (RA) | J46: MUSLIMAT NU 16 | K46: CANDI PANGGUNG | M46: 2287 | N46: 3203106403 | O46: 3573012611140001 | P46: 3573010901200003 | Q46: MUHAMMAD ASHRAF NABIL AL GHAZALI | R46: 1B | S46: MUTIARA | T46: ASHRAF | U46: LAKI-LAKI | V46: MALANG | W46: 43839 | Y46: REGULER | Z46: - | AA46: ISLAM | AB46: WARGA NEGARA INDONESIA | AC46: CITRA IKAN NILA NO.19 JL.IKAN NILA 2 | AD46: 02 | AE46: 05 | AF46: PURWODADI | AG46: BLIMMBING | AH46: BLIMBING | AI46: 65125 | AJ46: MALANG | AM46: - | AN46: 085232443464 | AO46: 3 | AP46: 2 | AS46: 19 | AT46: 138 | AV46: TIDAK | AW46: DEMAM | AX46: BAHASA INDONESIA & BAHASA JAWA | AY46: Yopi Iswanto,SE | AZ46: 3573010210910003 | BA46: MALANG | BB46: 33513 | BC46: ISLAM | BD46: 081805174101 | BE46: S1 | BF46: PEGAWAI | BG46: BANK INDONESIA | BH46: JL.MERDEKA UTARA NO.7,KIDUL DALEM,KLOJEN MALANG | BI46: - | BJ46: 9-10jt/bl | BK46: yopiquesta@gmail.com | BL46: Ulesta Zulfana | BM46: 3573016704920003 | BN46: MALANG | BO46: 33721 | BP46: ISLAM | BQ46: 085232443464 | BR46: S1 | BS46: IRT | BT46: - | BU46: - | BV46: - | BW46: - | BX46: ulesta.studio8@gmail.com | BY46: -
A47: 50 | I47: TAMAN KANAK-KANAK (TK) | J47: HUDAN CENDIKIA | K47: VILLA BUKIT TIDAR | M47: 2293 | N47: 3195727699 | O47: 3573042506130014 | P47: 3573042811190007 | Q47: MUHAMMAD NADEEM ALFARIZI | R47: 1B | S47: MUTIARA | T47: NADEEM | U47: LAKI-LAKI | V47: MALANG | W47: 43797 | Y47: REGULER | AA47: ISLAM | AB47: WARGA NEGARA INDONESIA | AC47: VILLA BUKIT TIDAR E2 NO 172 | AD47: 08 | AE47: 09 | AF47: KARANGBESUKI | AG47: SUKUN | AH47: SUKUN | AI47: 65146 | AJ47: MALANG | AM47: 082132299002 | AN47: 082132299002 | AO47: 3 | AP47: 2 | AS47: 20 | AT47: 110 | AV47: TIDAK | AW47: DEMAM, BATUK, PILEK | AX47: INDONESIA | AY47: MOCH. IQBAL NURRIZZA, S.Pd | AZ47: 3521090906830014 | BA47: NGAWI | BB47: 30476 | BC47: ISLAM | BD47: 081252911990 | BE47: S1 | BF47: PEGAWAI SWASTA | BG47: SURYA DERMATO MEDICA LAB. | BH47: JL. RUNGKUT INDUSTRI III/31. SURABAYA 60293 | BI47: (031) 8495506 | BJ47: 15.000.000 | BK47: mynurika@gmail.com | BL47: Dr. IKA RATIH SULISTIANI, S.Pd, M.Pd | BM47: 3521096102860003 | BN47: DEMAK | BO47: 31464 | BP47: ISLAM | BQ47: 082132299002 | BR47: S3 | BS47: DOSEN | BT47: UNIVERSITAS ISLAM MALANG | BU47: JL. MT HARYONO 193 | BW47: 15.000.000 | BX47: ika.ratih@unisma.ac.id
A48: 29 | I48: TAMAN KANAK-KANAK (TK) | J48: CAHAYA PERMATA | K48: PUNCAK PERMATA SENGKALING | M48: 2294 | N48: 3196417078 | O48: 3514091803140011 | P48: 3514090809190002 | Q48: MUHAMMAD RAKABUMI DANISWARA | R48: 1B | S48: MUTIARA | T48: RAKA | U48: LAKI-LAKI | V48: MALANG | W48: 43716 | Y48: REGULER | AA48: ISLAM | AB48: WARGA NEGARA INDONESIA | AC48: PERUM AGRA BATU A 25 | AD48: 04 | AE48: 02 | AF48: SUMBERSEKAR | AG48: DAU | AH48: LUAR MALANG | AI48: 65151 | AJ48: MALANG | AM48: 082155618498 | AN48: 082155618498 | AO48: 2 | AP48: 2 | AS48: 16 | AT48: 80 | AV48: TIDAK | AW48: BATUK | AX48: INDONESIA | AY48: Achmad Ali Mustofa | AZ48: 3317010303890002 | BA48: REMBANG | BB48: 32570 | BC48: ISLAM | BD48: 081335592211 | BE48: S1 | BF48: WIRAUSAHA | BG48: KIMYA | BH48: PERUM AGRA BATU A 25 | BJ48: 5000000 | BK48: mustofa3389@gmail.com | BL48: Diana Manzila | BM48: 3514096202900001 | BN48: PASURUAN | BO48: 32923 | BP48: ISLAM | BQ48: 082155618498 | BR48: S1 | BS48: BISNIS OWNER | BT48: KIMUA | BU48: DAU | BW48: 30.000.000 | BX48: dianamanzila@gmail.com
A49: 72 | I49: TAMAN KANAK-KANAK (TK) | J49: TK IQRA" | K49: JL. PUNCAK BOROBUDUR NO.G407, MOJOLANGU, KEC. LOWOKWARU, KOTA MALANG, JAWA TIMUR 65142 | M49: 2304 | N49: 3195402001 | O49: 3573050110180009 | P49: 3573051806190005 | Q49: RAZA AMMAR BASWARA SS | R49: 1B | S49: MUTIARA | T49: RAZA | U49: LAKI-LAKI | V49: TANGERANG | W49: 43634 | Y49: REGULER | AA49: ISLAM | AB49: WARGA NEGARA INDONESIA | AC49: JL. LONCAT INDAH, PERUM. MUTIARA JINGGA RESIDENCE BLOK B30, | AD49: 007 | AE49: 004 | AF49: TASIKMADU | AG49: LOWOKWARU | AH49: LOWOKWARU | AI49: 65143 | AJ49: KOTA MALANG | AM49: 0000000 | AN49: 0 | AO49: 1 | AP49: 0 | AS49: 24 | AT49: 118 | AV49: TIDAK | AW49: DEMAM, BATUK, PILEK | AX49: INDONESIA | AY49: dr. Rangga Pragasta SS, Sp.And | AZ49: 5204080608870003 | BA49: SUMBAWA BESAR | BB49: 31995 | BC49: ISLAM | BD49: 081237976243 | BE49: S2 | BF49: DOSEN / DOKTER | BG49: UNIVERSITAS ISLAM MALANG | BH49: JALAN MAYJEN HARYONO NO.193, DINOYO, KEC. LOWOKWARU, KOTA MALANG, JAWA TIMUR 65144 | BI49: (0341) 551932 | BJ49: 5-10 juta/ bulan | BK49: ranpragss@gmail.com | BL49: drg. Asih Riyanti Sari | BM49: 3671014809870001 | BN49: JAKARTA | BO49: 32038 | BP49: ISLAM | BQ49: 081291851590 | BR49: S1 | BS49: DOKTER GIGI | BT49: PRAKTEK MANDIRI - CLINIQUE UNISMA 193 | BU49: KAWASAN RUKO UNISMA, JL. TATA SURYA NO.14 KAV. 13, DINOYO, KEC. LOWOKWARU, KOTA MALANG, JAWA TIMUR 65144 | BW49: 1-2 juta | BX49: rianti.ars@gmail.com
A50: 14 | I50: TAMAN KANAK-KANAK (TK) | J50: PERMATA IMAN 2 | K50: JALAN IKAN KAKAP NO.90, TUNJUNGSEKAR, KEC. LOWOKWARU, KOTA MALANG, JAWA TIMUR 65142 | M50: 2311 | N50: '3204650024 | O50: 3573011909190005 | P50: 3573014803200001 | Q50: SHAINA ALMAHYRA | R50: 1B | S50: MUTIARA | T50: SHAINA | U50: PEREMPUAN | V50: MALANG | W50: 43898 | Y50: REGULER | AA50: ISLAM | AB50: WARGA NEGARA INDONESIA | AC50: PERUM PIRANHA GARDEN B-11 | AD50: 01 | AE50: 06 | AF50: TUNJUNG SEKAR | AG50: LOWOKWARU | AH50: LOWOKWARU | AI50: 65142 | AJ50: KOTA MALANG | AM50: Tidak Ada | AN50: 08991060290 | AO50: 1 | AP50: 2 | AS50: 21 | AT50: 125 | AV50: TIDAK | AW50: PILEK | AX50: BAHASA INDONESIA | AY50: Hyan Tandra Pristiwanto, A.Md.T | AZ50: 3507090602900002 | BA50: MALANG | BB50: 32910 | BC50: ISLAM | BD50: 08991060290 | BE50: S1 | BF50: ENGINEER | BG50: HUAWEI INDONESIA | BH50: PAKUWON TOWER, LANTAI 30, TP 6, JALAN EMBONG MALANG NO. 1-5, KEDUNGDORO, TEGAL SARI, KOTA SURABAYA | BJ50: 8.000.000 | BK50: hyan.tandra@gmail.com | BL50: Devi Ayu Hedianti, S.Gz., M.M. | BM50: 3573055802930002 | BN50: MALANG | BO50: 34018 | BP50: ISLAM | BQ50: 081331023410 | BR50: S2 | BS50: IBU RUMAH TANGGA | BT50: IBU RUMAH TANGGA | BU50: PERUM PIRANHA GARDEN B-11 | BW50: Tidak Ada | BX50: deviayuhedianti@gmail.com
A51: 18 | I51: TAMAN KANAK-KANAK (TK) | J51: PERMATA IMAN | K51: JL. BATU PERMATA NO.9, TLOGOMAS, KEC. LOWOKWARU, KOTA MALANG, JAWA TIMUR 65144 | M51: 2313 | O51: 3507102905120001 | P51: 3573054805200003 | Q51: SHANUM MARWA SHABIRA ACHMAD | R51: 1B | S51: MUTIARA | T51: SHANUM | U51: PEREMPUAN | V51: MALANG | W51: 43959 | Y51: REGULER | Z51: - | AA51: ISLAM | AB51: WARGA NEGARA INDONESIA | AC51: NAUFAL REGENCY B5 ,SAPTORENGGO-PAKIS | AD51: 17 | AE51: 03 | AF51: SAPTORENGGO | AG51: PAKIS | AH51: LUAR MALANG | AI51: 65154 | AJ51: MALANG | AM51: - | AN51: 085815107053 | AO51: 1 | AP51: - | AS51: 33 | AT51: 110 | AV51: TIDAK | AW51: - | AX51: JAWA & INDONESIA | AY51: Achmad Yani | AZ51: 3507102608900002 | BA51: MALANG | BB51: 33111 | BC51: ISLAM | BD51: 085815107053 | BE51: S1 | BF51: PEGAWAI SWASTA | BG51: PT LOTTE SHOPPING INDONESIA | BH51: JL. TB SIMATUPANG NO.6, RT.7/RW.3, SUSUKAN, KEC. CIRACAS, KOTA JAKARTA TIMUR, DAERAH KHUSUS IBUKOTA JAKARTA 13750 | BI51: - | BJ51: - | BK51: yanizco@icloud.com | BL51: Agustin Wulandari | BM51: 3573056208920001 | BN51: MALANG | BO51: 33838 | BP51: ISLAM | BQ51: 082220077845 | BR51: S1 | BS51: - | BT51: - | BU51: - | BV51: - | BW51: - | BX51: - | BY51: - | BZ51: - | CA51: 32874 | CC51: - | CD51: S1 | CE51: -
A52: 15 | I52: TAMAN KANAK-KANAK (TK) | J52: ANDALUSIA KIDS | K52: JL. JOYO AGUNG NO.57-58, MERJOSARI, KEC. LOWOKWARU, KOTA MALANG, JAWA TIMUR | M52: 2314 | O52: 3573050703220000 | P52: 3506175403200002 | Q52: SHAZIA SALIMA HARIRI | R52: 1B | S52: MUTIARA | T52: SHAZIA | U52: PEREMPUAN | V52: MALANG | W52: 43904 | Y52: REGULER | AA52: ISLAM | AB52: WARGA NEGARA INDONESIA | AC52: VILA BUKIT TIDAR A3/702 | AD52: 13 | AE52: 11 | AF52: MERJOSARI | AG52: LOWOKWARU | AH52: LOWOKWARU | AI52: 65144 | AJ52: MALANG | AM52: 085733258318 | AN52: 085733258318 | AO52: 2 | AP52: 1 | AS52: 16 | AT52: 111 | AV52: ADA | AW52: BATUK | AX52: JAWA DAN INDONESIA | AY52: Fajar Rohman Hariri, M. Kom | AZ52: 3506171505890004 | BA52: KEDIRI | BB52: 32643 | BC52: ISLAM | BD52: 085735198646 | BE52: S2 | BF52: DOSEN | BG52: UIN MALANG | BH52: JL. GAJAYANA NO.50, DINOYO, KEC. LOWOKWARU, KOTA MALANG, JAWA TIMUR 65144 | BI52: (0341) 551354 | BJ52: 12.000.000 | BK52: dosendeso@gmail.com | BL52: Toyibatu Lailiya, S. Kom | BM52: 3524066204920001 | BN52: LAMONGAN | BO52: 33716 | BP52: ISLAM | BQ52: 085733258318 | BR52: S1 | BS52: IRT | BT52: RUMAH | BU52: VILA BUKIT TIDAR A3/702 | BW52: 9.000.000 | BX52: thoy2saja@gmail.com
A53: 91 | I53: TAMAN KANAK-KANAK (TK) | J53: TK NOOR FADJAR | K53: JL.PISANG KIPAS NO 8 MALANG | M53: 2315 | N53: 3194133561 | O53: 3573051008070536 | P53: 3573051510190006 | Q53: SURYA ADITAMA WICAKSONO | R53: 1B | S53: MUTIARA | T53: TAMA | U53: LAKI-LAKI | V53: MALANG | W53: 43753 | Y53: REGULER | Z53: - | AA53: ISLAM | AB53: WARGA NEGARA INDONESIA | AC53: JL. SIMPANG AKORDION 75A MALANG | AD53: 04 | AE53: 02 | AF53: TUNGGULWULUNG | AG53: LOWOKWARU | AH53: LOWOKWARU | AI53: 65143 | AJ53: KOTA MALANG | AM53: 081217287945 | AN53: 081217287945 | AO53: 3 | AP53: 2 | AS53: 20 kg | AT53: 110 cm | AV53: TIDAK | AW53: BATUK | AX53: JAWA, INDONESIA | AY53: AGUS WICAKSONO S1 | AZ53: 3573051008810016 | BA53: JEMBER | BB53: 29808 | BC53: ISLAM | BD53: 081336384117 | BE53: S1 | BF53: WIRASWASTA | BG53: INSTANSI SWASTA | BH53: JL. TEGALGONDO, WUNUTSARI, TEGALGONDO, KEC. KARANG PLOSO, KABUPATEN MALANG | BI53: 081336384117 | BJ53: 7.000.000 | BK53: wicaksonoagus731@gmail.com | BL53: ARIES KUMALASARI S1 | BM53: 3.5730553e+15 | BN53: MALANG | BO53: 29903 | BP53: ISLAM | BQ53: 81217287945 | BR53: S1 | BS53: IBU RUMAH TANGGA | BT53: TIDAK ADA | BU53: TIDAK ADA | BV53: Tidak ada | BW53: Tidak ada | BX53: ariesberkah@gmail.com
A54: 65 | I54: TAMAN KANAK-KANAK (TK) | J54: TK ANAK SALEH | K54: JALAN CANDI PANGGUNG | M54: 2318 | N54: 3180610841 | O54: 9171021802140010 | P54: 9171022504180001 | Q54: YUSUF AL HIKMAH | R54: 1B | S54: MUTIARA | T54: YUSUF | U54: LAKI-LAKI | V54: JAYAPURA | W54: 43215 | Y54: PDBK (BERKEBUTUHAN KHUSUS) | Z54: ASD | AA54: ISLAM | AB54: WARGA NEGARA INDONESIA | AC54: JALAN ARJUNO K 11 | AD54: 03 | AE54: 14 | AF54: CANDIRENGGO | AG54: SINGOSARI | AH54: LUAR MALANG | AI54: 65153 | AJ54: KABUPATEN MALANG | AM54: 081248717800 | AN54: 081248717800 | AO54: 2 | AP54: 1 | AS54: 20 | AT54: 123 | AV54: TIDAK | AW54: PILEK | AX54: INDONESIA | AY54: BIRALI BASUKI | AZ54: 9171012002820007 | BA54: JAYAPURA | BB54: 30002 | BC54: ISLAM | BD54: 081248717800 | BE54: SMA/SMK SEDERAJAT | BF54: WIRASWASTA | BG54: USAHA SENDIRI | BH54: JALAN ARJUNO K 11 CANDIRENGGO SINGOSARI KAB MALANG | BI54: 081248717800 | BJ54: 6 JUTA | BK54: rullyadvan5@gmail.com | BL54: IDA KURNIATI US, S.Pd | BM54: 9171025408880005 | BN54: JAYAPURA | BO54: 32369 | BP54: ISLAM | BQ54: 085354163716 | BR54: S1 | BS54: PNS | BT54: DINAS PENDIDIKAN DAN KEBUDAYAAN KOTA JAYAPURA | BU54: JL. BALAI KOTA NO 1 ENTROP, | BV54: 085354163716 | BW54: 2633400 | BX54: us.kerja@gmail.com
A55: 67 | I55: TAMAN KANAK-KANAK (TK) | J55: TK ABAK SALEH | K55: MOJOLANGU | M55: 2221 | N55: 3197480736 | O55: 3175031605170014 | P55: 3175030306190006 | Q55: ABDURRAHMAN YUSUF RISZALDI | R55: 1C | S55: SAFIR | T55: ABDUL | U55: LAKI-LAKI | V55: MALANG | W55: 43619 | Y55: PDBK (BERKEBUTUHAN KHUSUS) | Z55: Autism | AA55: ISLAM | AB55: WARGA NEGARA INDONESIA | AC55: PERUMAHAN PERMATA JINGGA, BLOK KELAPA NOMOR 28 | AD55: 07 | AE55: 06 | AF55: TUNGGULWULUNG | AG55: LOWOKWARU | AH55: LOWOKWARU | AI55: 65143 | AJ55: KOTA MALANG | AM55: 03414374828 | AN55: 082230446779 | AO55: 2 | AP55: 1 | AS55: 20 | AT55: 114 | AV55: TIDAK | AW55: BATUK, PILEK | AX55: INDONESIA | AY55: R ARIEF RISZALDI, ST | AZ55: 3175030510780013 | BA55: SEMARANG | BB55: 28768 | BC55: ISLAM | BD55: 082230446779 | BE55: S1 | BF55: WIRASWASTA | BG55: NA | BH55: CANDI MENDUT BARAT VI A 5C MALANG | BJ55: 3 | BK55: cipinangjaya21@gmail.com | BL55: RISZA ROCHMAWATI KUSUMANINGRUM, SAb | BM55: 3520056906860003 | BN55: MAGETAN | BO55: 31592 | BP55: ISLAM | BQ55: 081315155067 | BR55: S1 | BS55: WIRASWASTA | BT55: AREISZA | BU55: CANDI MENDUT BARAT VI A 5C MALANG | BW55: 10 | BX55: Risa.rwati@gmail.com
A56: 87 | I56: TAMAN KANAK-KANAK (TK) | J56: TK ANAK SOLEH | K56: JL. CANDI PQNGGUNG | M56: 2223 | N56: 3209030366 | O56: 3573051408072614 | P56: 3573051801200003 | Q56: AHMAD FAHREZEL ALI ZAVIER | R56: 1C | S56: SAFIR | T56: ZAVIER | U56: LAKI-LAKI | V56: MALANG | W56: 43848 | Y56: REGULER | Z56: - | AA56: ISLAM | AB56: WARGA NEGARA INDONESIA | AC56: JL. KRIPTON NO 17 SULFAT MALANG | AD56: 008 | AE56: 020 | AF56: PURWANTORO | AG56: BLIMBING | AH56: BLIMBING | AI56: 65144 | AJ56: KOTA MALANG | AM56: 081555951710 | AN56: 08113771710 | AO56: 1 | AP56: - | AS56: 22 | AT56: 120 | AV56: TIDAK | AW56: BATUK, PILEK | AX56: INDONESIA | AY56: Ahmad Fahmi S.T.,M.T.,Ph.D | AZ56: 3573053107730001 | BA56: MALANG | BB56: 26876 | BC56: ISLAM | BD56: 08123319497 | BE56: S3 | BF56: DOSEN | BG56: UNIVERSITAS NEGERI MALANG | BH56: JL. SEMARANG NO 5 MALANG | BI56: 0341 551312 | BJ56: 10000000 | BK56: ahmad.fahmi.ft@um.ac.id | BL56: Arafah Husna S.Pd., M.Med.Kom | BM56: 3573015710800004 | BN56: JAKARTA | BO56: 29511 | BP56: ISLAM | BQ56: 081555951710 | BR56: S3 | BS56: DOSEN | BT56: UNIVERSITAS NEGERI MALANG | BU56: JL. SEMARANG NO 5 MALANG | BV56: 0341-551312 | BW56: 10000000 | BX56: arafah.husna.fip@um.ac.id | BY56: Intan Ariyani | BZ56: JAKARTA | CA56: 21506 | CC56: 0895-3530-05715 | CD56: SMA/SMK SEDERAJAT | CE56: Ibu rumah tangga
A57: 26 | I57: TAMAN KANAK-KANAK (TK) | J57: TK ANAK SALEH | K57: JL CANDI PANGGUNG | M57: 2230 | N57: 3198797929 | O57: 3573052506180008 | P57: 3573050805190002 | Q57: ALBARRA ADN KANINDRA | R57: 1C | S57: SAFIR | T57: BARRA | U57: LAKI-LAKI | V57: MALANG | W57: 43593 | Y57: REGULER | AA57: ISLAM | AB57: WARGA NEGARA INDONESIA | AC57: PERUM BUMI PALAPA C15 | AD57: 01 | AE57: 11 | AF57: JATIMULYO | AG57: LOWOKWARU | AH57: LOWOKWARU | AI57: 65141 | AJ57: MALANG | AM57: 082141419170 | AN57: 082141419170 | AO57: 2 | AP57: 2 | AS57: 16,5 KG | AT57: 98 | AV57: TIDAK | AW57: BATUK, PILEK | AX57: INDONESIA-JAWA | AY57: JAKA SUWORO, S.H | AZ57: 3507180708930002 | BA57: LUMAJANG | BB57: 34188 | BC57: ISLAM | BD57: 081336114242 | BE57: S1 | BF57: POLRI | BG57: POLRESTA MALANG KOTA | BH57: JL JAKSA AGUNG SUPRAPTO NO 19 KOTA MALANG | BJ57: 3900000 | BK57: jacka_s@rocketmail.com | BL57: NINDHI PUTRI WIGUNANTHI, S.KEB | BM57: 3573054407930004 | BN57: MALANG | BO57: 34154 | BP57: ISLAM | BQ57: 082141419170 | BR57: S1 | BS57: IRT | BT57: - | BU57: - | BV57: - | BW57: - | BX57: nindhipw@ub.ac.id
A58: 1 | I58: TAMAN KANAK-KANAK (TK) | J58: TK PERMATA IMAN 1 | K58: JL. BATU PERMATA NO.9, TLOGOMAS, KEC. LOWOKWARU, KOTA MALANG, JAWA TIMUR 65144 | M58: 2234 | O58: 3578011208130001 | P58: 3578014202200002 | Q58: ALMEERA HAIRA QAANITA | R58: 1C | S58: SAFIR | T58: MEERA | U58: PEREMPUAN | V58: MALANG | W58: 43863 | Y58: REGULER | AA58: ISLAM | AB58: WARGA NEGARA INDONESIA | AC58: PERUMAHAN BUKIT CEMARA TUJUH F24 | AD58: 02 | AE58: 12 | AF58: MULYOAGUNG | AG58: DAU | AH58: LUAR MALANG | AI58: 65151 | AJ58: KABUPATEN MALANG | AM58: 082111744644 | AN58: 081370370444 | AO58: 3 | AP58: 2 | AS58: 13 | AT58: 110 | AV58: TIDAK | AW58: Batuk dengan frekuensi jarang | AX58: INDONESIA | AY58: Dimas Yusuf Priyo Utomo, S.T. | AZ58: 3578012605880002 | BA58: SIDOARJO | BB58: 32289 | BC58: ISLAM | BD58: 081370370444 | BE58: S1 | BF58: PEGAWAI SWASTA | BG58: PT SEASCAPE SURVEYS INDONESIA | BH58: THE MANHATTAN SQUARE, MID TOWER 7TH FLOOR, UNIT G, JI T.B. SIMATUPANG KAV. 1S, CILANDAK TIMUR, JAKARTA 12560 | BI58: 02178843025 | BJ58: 25 juta | BK58: dimas.yusuf@hotmail.com | BL58: Okky Intanriane, S.T. | BM58: 3.2710655e+15 | BN58: BOGOR | BO58: 32796 | BP58: ISLAM | BQ58: 082111744644 | BR58: S1 | BS58: IBU RUMAH TANGGA | BT58: RUMAH TANGGA | BU58: PERUMAHAN BUKIT CEMARA TUJUH F24, JL. RAYA TLOGOMAS, MALANG | BV58: 082111744644 | BW58: 10 juta | BX58: okky.intan@gmail.com
A59: 19 | I59: TAMAN KANAK-KANAK (TK) | J59: TK KARTIKA X-5 PUSDIK ARHANUD | K59: JUNREJO BATU | M59: 2244 | N59: 3205049129 | O59: 3573051602160018 | P59: 3573054703200003 | Q59: ARSY HUMAIRA AR-RAIHAN | R59: 1C | S59: SAFIR | T59: AIRA | U59: PEREMPUAN | V59: MALANG | W59: 43897 | Y59: REGULER | AA59: ISLAM | AB59: WARGA NEGARA INDONESIA | AC59: JL. RAYA TLOGOMAS NO 50 | AD59: 02 | AE59: 05 | AF59: TLOGOMAS | AG59: LOWOKWARU | AH59: LOWOKWARU | AI59: 65144 | AJ59: MALANG | AM59: 0341531893 | AN59: 081299031600 | AO59: 2 | AP59: 2 | AS59: 28 | AT59: 100 | AV59: TIDAK | AW59: BATUK | AX59: INDONESIA | AY59: Mochamad Rizka Nurhidayah, S.AP | AZ59: 3573052212910005 | BA59: MALANG | BB59: 33594 | BC59: ISLAM | BD59: 081233646650 | BE59: S1 | BF59: WIRASWASTA | BG59: - | BH59: - | BI59: 0341531893 | BJ59: Rp 6.000.000 | BK59: lisamei743@gmail.com | BL59: Mei Lisa Hardi, S.Pd., Gr | BM59: 3522095805910003 | BN59: BOJONEGORO | BO59: 33376 | BP59: ISLAM | BQ59: 081299031600 | BR59: S1 | BS59: GURU | BT59: SMAN 5 MALANG | BU59: JL. TANIMBAR NO 24 | BV59: 0341 364580 | BW59: Rp 3.000.000 | BX59: lisamei743@gmail.com | BY59: Mochamad Rizka Nurhidayah, S.AP | BZ59: MALANG | CA59: 33594 | CC59: 081233646650 | CD59: S1 | CE59: Wiraswasta
A60: 100 | I60: TAMAN KANAK-KANAK (TK) | J60: TK ALAM MANA | K60: JL. KONSOLIDASI, PANIKI BAWAH, KEC. MAPANGET, KOTA MANADO, SULAWESI UTARA 95256 | M60: 2245 | O60: 6403014101190009 | P60: 6403094805190002 | Q60: ARSYILA RAMADHANI PUTRI NUGROHO | R60: 1C | S60: SAFIR | T60: ARSYI | U60: PEREMPUAN | V60: BERAU | W60: 43593 | Y60: Reguler | Z60: - | AA60: ISLAM | AB60: WARGA NEGARA INDONESIA | AC60: PERUMAHAN GRIYA PANIKI INDAH JL. FLAMBOYAN A NO.41, BUHA, KEC. MAPANGET,KOTA MANADO,SULAWESI UTARA,INDONESIA | AD60: - | AE60: 10 | AF60: BUHA | AG60: MAPANGET | AH60: LUAR MALANG | AI60: 95259 | AJ60: MANADO | AM60: - | AN60: 085215940136 | AO60: 2 | AP60: 2 | AS60: 21.5 | AT60: 114 | AV60: TIDAK | AW60: DEMAM, BATUK, PILEK, Radang dan amandel | AX60: INDONESIA | AY60: Arik Setyo Nugroho, ST | AZ60: 3509070402850002 | BA60: JEMBER | BB60: 31082 | BC60: ISLAM | BD60: 082231731777 | BE60: S1 | BF60: KARYAWAN SWASTA | BG60: VENA ENERGY INDONESIA | BH60: PACIFIC CENTURY PLACE 36TH, SCBD LOT.10, JL. JEND. SUDIRMAN KAV. 52-53, JAKARTA SELATAN 12190 | BI60: 021 5084 7830 | BJ60: 15.000.000 - 25.000.000 | BK60: devknight999@gmail.com | BL60: Fifit Safariah | BM60: 6403056610920001 | BN60: TELUK BAYUR | BO60: 33903 | BP60: ISLAM | BQ60: 085215940136 | BR60: S1 | BS60: IRT DAN REMOTE WORKING | BT60: - | BU60: - | BV60: - | BW60: - | BX60: fifitsafariah@gmail.com
A61: 42 | I61: TAMAN KANAK-KANAK (TK) | J61: TK ANAK SALEH | K61: CANDI PANGGUNG INDAH 1-3 MALANG | M61: 2247 | N61: 31996477313 | O61: 3579032612190004 | P61: 3579030512190002 | Q61: ATHARRAZKA BENJAMIN RUMI | R61: 1C | S61: SAFIR | T61: BEBE | U61: LAKI-LAKI | V61: MALANG | W61: 43804 | Y61: REGULER | AA61: ISLAM | AB61: WARGA NEGARA INDONESIA | AC61: KAYANA REGENCY BLOK E NO 15, JUNREJO, MOJOREJO, KOTA BATU | AD61: 02 | AE61: 08 | AF61: JUNREJO | AG61: MOJOREJO | AH61: LUAR MALANG | AI61: 65326 | AJ61: KOTA BATU | AM61: 00 | AN61: 081331551552 | AO61: 1 | AP61: 0 | AS61: 27 | AT61: 120 | AV61: TIDAK | AW61: DEMAM, BATUK, PILEK | AX61: BAHASA INDONESIA | AY61: Wisnu Fitri Praditama | AZ61: 3579030705890002 | BA61: MALANG | BB61: 32635 | BC61: ISLAM | BD61: 082337755757 | BE61: SMA/SMK SEDERAJAT | BF61: PEGAWAI BUMN | BG61: PLN | BH61: PLN ULTG JEMBER JL. TEUKU UMAR NO.41, TEGAL BESAR WETAN, TEGAL BESAR, KEC. KALIWATES, KABUPATEN JEMBER, JAWA TIMUR 68131 | BI61: (0331) 338635 | BJ61: 30.000.000 | BK61: wiznuv@gmail.com | BL61: Khusniah Enggarwati, S.M. | BM61: 3309034103989002 | BN61: BOYOLALI | BO61: 35855 | BP61: ISLAM | BQ61: 081331551552 | BR61: S1 | BS61: PEGAWAI BUMN | BT61: PLN | BU61: PLN UP2B JAWA TIMUR JL. SUNINGRAT NO.45, KETEGAN, KEC. TAMAN, KABUPATEN SIDOARJO, JAWA TIMUR 61257 | BV61: (031) 7882113 | BW61: 12.000.000 | BX61: khusniahenggarwati01@gmail.com
A62: 59 | I62: TAMAN KANAK-KANAK (TK) | J62: TK KARTIKA PRADANA | K62: JL. AKORDION BARAT NO. 2 MALANG | M62: 2248 | N62: 3202886598 | O62: 3573052211220010 | P62: 3507192902200001 | Q62: AULIAN YUUKI MUHAMMAD | R62: 1C | S62: SAFIR | T62: YUUKI | U62: LAKI-LAKI | V62: MALANG | W62: 43890 | Y62: REGULER | AA62: ISLAM | AB62: WARGA NEGARA INDONESIA | AC62: PERUM GRAND ARUMBA BLOK E-38 | AD62: 001 | AE62: 004 | AF62: TUNGGULWULUNG | AG62: LOWOKWARU | AH62: LOWOKWARU | AI62: 65143 | AJ62: MALANG | AM62: - | AN62: 085259587748 | AO62: 1 | AP62: 1 | AS62: 18 | AT62: 115 | AV62: TIDAK | AW62: DEMAM, BATUK, PILEK | AX62: BAHASA INDONESIA | AY62: Yhoga Rizaldhi | AZ62: 3523191201890002 | BA62: TUBAN | BB62: 32520 | BC62: ISLAM | BD62: 085791811634 | BE62: S1 | BF62: KARYAWAN BUMN | BG62: BULOG | BH62: JALAN RAYA PANGLEGUR PAMEKASAN MADURA | BI62: - | BJ62: 5.000.000 | BK62: ryhoga@yahoo.co.id | BL62: Aimah Mopashari | BM62: 3573056411890007 | BN62: PALEMBANG | BO62: 32836 | BP62: ISLAM | BQ62: 085259587748 | BR62: S2 | BS62: IBU RUMAH TANGGA | BT62: - | BU62: - | BV62: - | BW62: - | BX62: aichankawaii24@gmail.com | BY62: Widodo Slamet | BZ62: PALEMBANG | CA62: 20100 | CD62: S1 | CE62: Pensiunan
A63: 25 | I63: TAMAN KANAK-KANAK (TK) | J63: TK ABA 17 BARENG | K63: JL BARENG TENGAH | M63: 2250 | N63: 3198288777 | O63: 35730205112170004 | P63: 3573022808190002 | Q63: AZRIL RASYA ALFATIH | R63: 1C | S63: SAFIR | T63: AZRIL | U63: LAKI-LAKI | V63: MALANG | W63: 43705 | Y63: REGULER | AA63: ISLAM | AB63: WARGA NEGARA INDONESIA | AC63: JL BARENG TENGAH VB / 831 | AD63: 008 | AE63: 003 | AF63: BARENG | AG63: KLOJEN | AH63: KLOJEN | AI63: 65116 | AJ63: MALANG | AM63: 082232871147 | AN63: 082232871147 | AO63: 2 | AP63: 2 | AS63: 21 | AT63: 110 | AV63: TIDAK | AW63: BATUK, PILEK | AX63: INDONESIA | AY63: AGUNG ADHI PERMANA SP | AZ63: 3573020202830004 | BA63: MALANG | BB63: 30349 | BC63: ISLAM | BD63: 082141899369 | BE63: S1 | BF63: KARYAWAN SWASTA | BG63: BRI | BH63: MALANG | BJ63: 10.000.000 | BK63: indriruspitasari@gmail.com | BL63: INDRI RUSPITASARI | BM63: 3507126002890003 | BN63: MALANG | BO63: 32559 | BP63: ISLAM | BQ63: 082232871147 | BR63: S1 | BS63: KARYAWAN SWASTA | BT63: BCA | BU63: MALANG | BW63: 10.000.000 | BX63: indriruspitasari@gmail.com
A64: 17 | I64: TAMAN KANAK-KANAK (TK) | J64: PERMATA IMAN 2 | K64: JL. IKAN KAKAP NO 90, TUNJUNGSEKAR, LOWOKWARU, KOTA MALANG | M64: 2254 | O64: 3573050402200005 | P64: 3573050108200003 | Q64: DEFFAN ATHALLA GANENDRA | R64: 1C | S64: SAFIR | T64: DEFFAN | U64: LAKI-LAKI | V64: MALANG | W64: 44044 | Y64: REGULER | AA64: ISLAM | AB64: WARGA NEGARA INDONESIA | AC64: D’SAPPHIRE RESIDENCE BLOK C NO 2-4, JL. IKAN GURAMI | AD64: 05 | AE64: 06 | AF64: TUNJUNGSEKAR | AG64: LOWOKWARU | AH64: LOWOKWARU | AI64: 65142 | AJ64: KOTA MALANG | AM64: 0 | AN64: 081334997792 | AO64: 2 | AP64: 1 | AS64: 16 kg | AT64: 111 cmm | AV64: ADA | AW64: DEMAM, BATUK, PILEK | AX64: INDONESIA | AY64: Dr. Eko Wiyono SH., MHum | AZ64: 3573010202640008 | BA64: KEDIRI | BB64: 23409 | BC64: ISLAM | BD64: 081326877555 | BE64: S3 | BF64: SWASTA | BG64: LEGIS PRIORI LAW FIRM | BH64: KELAPA GADING, JAKARTA UTARA | BJ64: 20 jt | BK64: Maseko64@gmail.com | BL64: Indah Setyowati SH | BM64: 3507255303820002 | BN64: MALANG | BO64: 30023 | BP64: ISLAM | BQ64: 081334997792 | BR64: S1 | BS64: SWASTA | BT64: SUPREME LAWFIRM | BU64: LOWOKWARU | BW64: 5 jt | BX64: Indahsyahlila@gmail.com
A65: 88 | I65: TAMAN KANAK-KANAK (TK) | J65: TK AISYIYAH ABA 33 CITA INSANI | K65: PERUM GRIYASHANTA, JL. CANDI PANGGUNG NO.23, MOJOLANGU, LOWOKWARU, MALANG CITY, EAST JAVA 65142 | M65: 2259 | N65: 3195586169 | O65: 3573051510200001 | P65: 3573056411190004 | Q65: FEISYA MIKANADIRA | R65: 1C | S65: SAFIR | T65: FEISYA | U65: PEREMPUAN | V65: MALANG | W65: 43793 | Y65: REGULER | AA65: ISLAM | AB65: WARGA NEGARA INDONESIA | AC65: PERUM GREEN ORCHID CLUSTER ESMERALDA F-58 MALANG | AD65: 003 | AE65: 019 | AF65: MOJOLANGU | AG65: LOWOKWARU | AH65: LOWOKWARU | AI65: 65142 | AJ65: MALANG | AM65: 083837221777 | AN65: 081332499887 / 083837221777 | AO65: 1 | AP65: 0 | AS65: 20 | AT65: 120 | AV65: ADA | AW65: BATUK, PILEK, Asma | AX65: BAHASA INDONESIA | AY65: M. Taufik Akbar, S.T., M.M. | AZ65: 3573052501880002 | BA65: MALANG | BB65: 32167 | BC65: ISLAM | BD65: 081332499887 | BE65: S2 | BF65: DOSEN | BG65: UNIVERSITAS GAJAYANA | BH65: JL. MERTOJOYO BLOK L MERJOSARI MALANG | BI65: 0341 - 562411 | BJ65: Rp. 5.000.000 | BK65: akbar250188@gmail.com | BL65: Safira Damayanti | BM65: 3573015604970004 | BN65: MALANG | BO65: 45763 | BP65: ISLAM | BQ65: 083837221777 | BR65: S1 | BS65: IBU RUMAH TANGGA | BT65: - | BU65: - | BV65: - | BW65: - | BX65: safirawidjaya16@gmail.com
A66: 23 | I66: TAMAN KANAK-KANAK (TK) | J66: TK AN-NUR | K66: DANAU YAMUR 01 SAWOJAJAR | M66: 2260 | N66: 3190738072 | O66: 3507125412190002 | P66: 3507125412190002 | Q66: FIONA ZEA NASYWA EFFENDI | R66: 1C | S66: SAFIR | T66: ZEA | U66: PEREMPUAN | V66: MALANG | W66: 43813 | Y66: REGULER | Z66: - | AA66: ISLAM | AB66: WARGA NEGARA INDONESIA | AC66: JL SRIWIJAYA | AD66: 32 | AE66: 03 | AF66: SUMBERPUCUNG | AG66: SUMBERPUCUNG | AH66: LUAR MALANG | AI66: 65165 | AJ66: KAB. MALANG | AM66: 082244728214 | AN66: 085733440509 | AO66: 1 | AP66: 1 | AS66: 24.52 | AT66: 114 | AV66: TIDAK | AW66: DEMAM, BATUK, PILEK | AX66: INDONESIA - JAWA | AY66: MOKHAMAD YUSUF EFFENDI | AZ66: 3507122109910001 | BA66: KEBUMEN | BB66: 33502 | BC66: ISLAM | BD66: 082244728214 | BE66: S1 | BF66: SWASTA | BG66: PT OTSUKA INDONESIA | BH66: JL SUMBER WARAS NO. 25, KARANG SONO, KALIREJO , KEC. LAWANG, KAB. MALANG, JAWA TIMUR 65216 | BI66: 0341-426644 | BJ66: 7 Jt | BK66: yusufeffendi1936@gmail.com | BL66: SAVITA DEWI OKTAVIANTI | BM66: 3507125910910001 | BN66: MALANG | BO66: 33530 | BP66: ISLAM | BQ66: 085733440509 | BR66: SMA/SMK SEDERAJAT | BS66: IBU RUMAH TANGGA | BT66: - | BU66: - | BV66: - | BW66: - | BX66: savitadewio@gmail.com
A67: 90 | I67: TAMAN KANAK-KANAK (TK) | J67: TK PERMATA IMAN 2 | K67: JL IKAN KAKAP NO.90 | M67: 2262 | N67: 3199597569 | O67: 3573050611150009 | P67: 3573050611150009 | Q67: GANAPATIH ADITAMA ANDHATA | R67: 1C | S67: SAFIR | T67: TAMA | U67: LAKI-LAKI | V67: MALANG | W67: 43535 | Y67: REGULER | AA67: ISLAM | AB67: WARGA NEGARA INDONESIA | AC67: MUTIARA JINGGA RESIDENCE B-25 | AD67: - | AE67: - | AF67: TASIKMADU | AG67: LOWOKWARU | AH67: LOWOKWARU | AI67: 65143 | AJ67: MALANG | AM67: - | AN67: 089506153907 | AO67: 2 | AP67: 1 | AS67: 11 | AT67: 110 | AV67: TIDAK | AW67: PILEK | AX67: INDONESIA | AY67: Sabdha Agung Trilaksana | AZ67: 3573050807870002 | BA67: MALANG | BB67: 31966 | BC67: ISLAM | BD67: 081286333232 | BE67: S1 | BF67: KARYAWAN SWASTA | BG67: J-99 CORP | BH67: JL. RAYA PASAR MINGGU NO.9, PANCORAN, JAKARTA SELATAN. | BI67: - | BJ67: 10.000.000 | BK67: sabda_agung@gmail.com | BL67: Yurika Verdiananta, SE | BM67: 3573056608870005 | BN67: MALANG | BO67: 32015 | BP67: ISLAM | BQ67: 089506153907 | BR67: S1 | BS67: IRT | BT67: RUMAH | BU67: - | BV67: - | BW67: - | BX67: yurikave26@gmail.com | BY67: Purwono | BZ67: MALANG | CA67: 21437 | CC67: 081335522282 | CD67: S1 | CE67: Pensiunan
A68: 24 | I68: TAMAN KANAK-KANAK (TK) | J68: TK ANAK SHOLEH FULLDAY SITIARJO | K68: DESA SITIARJO, RT 24 RW 05, KEC. SUMBERMANJING WETAN, KAB. MALANG | M68: 2263 | N68: 3197312718 | O68: 3507041401200005 | P68: 3507040910190002 | Q68: GLEXAQUILE SHANKARA RUSMANADI | R68: 1C | S68: SAFIR | T68: GLE | U68: LAKI-LAKI | V68: MALANG | W68: 43747 | Y68: REGULER | AA68: ISLAM | AB68: WARGA NEGARA INDONESIA | AC68: DUSUN KRAJAN TENGAH, DESA SITIARJO | AD68: 62 | AE68: 05 | AF68: SITIARJO | AG68: SUMBERMANJING WETAN | AH68: LUAR MALANG | AI68: 65176 | AJ68: KABUPATEN MALANG | AM68: 0 | AN68: 085234393930 | AO68: 1 | AP68: 0 | AS68: 17kg | AT68: 113cm | AV68: TIDAK | AW68: PILEK | AX68: BAHASA INDONESIA DAN BAHASA JAWA | AY68: Sulianto Rusmanadi | AZ68: 3507040910900016 | BA68: MALANG | BB68: 33155 | BC68: ISLAM | BD68: 082228682747 | BE68: SMA/SMK SEDERAJAT | BF68: WIRASWASTA | BG68: TOKO EMAS BINTANG MAS 3 | BH68: PASAR SITIARJO, DESA SITIARJO, RT 24 RW 05, KEC. SUMBERMANJING WETAN, KAB. MALANG | BI68: 082230045686 | BJ68: 15.000.000 | BK68: suliantorusmanadi10@gmail.com | BL68: Teguh Retnoningsih, S.AB | BM68: 3507046004930001 | BN68: LUMAJANG | BO68: 34079 | BP68: ISLAM | BQ68: 085234393930 | BR68: S1 | BS68: WIRASWASTA | BT68: TOKO EMAS BINTANG MAS 3 | BU68: PASAR SITIARJO, DESA SITIARJO, RT 24 RW 05, KEC. SUMBERMANJING WETAN, KAB. MALANG | BV68: 082230045686 | BW68: 10.000.000 | BX68: teguhretnon20@gmail.com atau teguhretnon@gmail.com
A69: 102 | I69: TAMAN KANAK-KANAK (TK) | J69: TK MUSLIMAT NU 07 | K69: JL. KOL. SUGIONO V | M69: 2264 | N69: 3190246903 | O69: 3573031008072361 | P69: 3573035109190001 | Q69: GUSTI AISYAH AZZAHRA | R69: 1C | S69: SAFIR | T69: ICHA | U69: PEREMPUAN | V69: MALANG | W69: 43719 | Y69: Reguler | Z69: - | AA69: ISLAM | AB69: WARGA NEGARA INDONESIA | AC69: JL. KOL. SUGIONO V / 16 | AD69: 013 | AE69: 003 | AF69: MERGOSONO | AG69: KEDUNGKANDANG | AH69: KEDUNGKANDANG | AI69: 65134 | AJ69: KOTA MALANG | AM69: - | AN69: 082233722503 | AO69: 3 | AP69: 2 | AS69: 16.4 | AT69: 110 | AV69: TIDAK | AW69: BATUK, PILEK | AX69: INDONESIA | AY69: Gusti Muhammad Bahrudin | AZ69: 3573031203760001 | BA69: MALANG | BB69: 27831 | BC69: ISLAM | BD69: 082112233235 | BE69: SMA/SMK SEDERAJAT | BF69: WIRAUSAHA | BG69: - | BH69: - | BI69: - | BJ69: 1.000.000 | BK69: ahmadgustibah31@gmail.com | BL69: Sulastri Ningsih | BM69: 3573037005810001 | BN69: MALANG | BO69: 29736 | BP69: ISLAM | BQ69: 082233722503 | BR69: SMA/SMK SEDERAJAT | BS69: MENGURUS RUMAH TANGGA | BT69: - | BU69: - | BV69: - | BW69: - | BX69: nsulastri685@gmail.com | BY69: Gusti Eka Septya Maharani | BZ69: MALANG | CA69: 37160 | CC69: 081334695557 | CD69: SMA/SMK SEDERAJAT | CE69: Karyawan ( Tata Usaha )
A70: 86 | I70: TAMAN KANAK-KANAK (TK) | J70: ANDALUSIA KIDS | K70: JL. SIMPANG SULFAT SELATAN NOMOR 2, PURWANTORO, KEC. BLIMBING, KOTA MALANG, JAWA TIMUR 65122 | M70: 2268 | O70: 3517063009190006 | P70: 3517062712190002 | Q70: IBRAHIM AZKA DIMASSYAH | R70: 1C | S70: SAFIR | T70: IBRA | U70: LAKI-LAKI | V70: MOJOKERTO | W70: 43826 | Y70: REGULER | AA70: ISLAM | AB70: WARGA NEGARA INDONESIA | AC70: PERUMAHAN BUMI MERANTI WANGI BLOK M-5 | AD70: 002 | AE70: 013 | AF70: PANDANWANGI | AG70: BLIMBING | AH70: BLIMBING | AI70: 65124 | AJ70: MALANG | AM70: 081351201580 | AN70: 081351201580 | AO70: 1 | AP70: 2 | AS70: 15 | AT70: 100 | AV70: TIDAK | AW70: TIDAK ADA | AX70: BAHASA INDONESIA | AY70: Salman Al Farizi Supriyadi | AZ70: 3508051003900008 | BA70: LUMAJANG | BB70: 32942 | BC70: ISLAM | BD70: 081351201580 | BE70: S1 | BF70: WIRASWASTA | BG70: IBRA CREATIVE STUDIO | BH70: PERUMAHAN BUMI MERANTI WANGI BLOK M-3 RT 02 RW 13 PANDANWANGI, BLIMBING, KOTA MALANG | BJ70: 5000000 | BK70: salmanalfa2008@gmail.com | BL70: Roisatul Azizah | BM70: 35170659019200001 | BN70: MOJOKERTO | BO70: 33622 | BP70: ISLAM | BQ70: 082188326353 | BR70: S2 | BS70: WIRASWASTA | BT70: IBRA CREATIVE STUDIO | BU70: JALAN BUMI MERANTI WANGI BLOK M-5, PANDANWANGI, BLIMBING, KOTA MALANG | BW70: 5000000 | BX70: roisaaz@gmail.com
A71: 56 | I71: TAMAN KANAK-KANAK (TK) | J71: PERMATA IMAN 2 | K71: JLN IKAN KAKAP, TUNJUNGSEKAR MALANG | M71: 2272 | N71: 3194573859 | O71: 3573051604180010 | P71: 3573051412190003 | Q71: KAMAYEL HAQQI SHAQUILLE | R71: 1C | S71: SAFIR | T71: KAMAYEL | U71: LAKI-LAKI | V71: MALANG | W71: 43813 | Y71: REGULER | AA71: ISLAM | AB71: WARGA NEGARA INDONESIA | AC71: PERUM DWIGA REGENCY B2-01 | AD71: 006 | AE71: 017 | AF71: MOJOLANGU | AG71: LOWOKWARU | AH71: LOWOKWARU | AI71: 65142 | AJ71: MALANG | AM71: 081249760076 | AN71: 081249760076 | AO71: 1 | AP71: 2 | AS71: 19 | AT71: 110 | AV71: TIDAK | AW71: BATUK, PILEK | AX71: INDONESIA | AY71: Muhammad fatkhul arif S.H.,M.kn | AZ71: 6474030905910002 | BA71: BONTANG | BB71: 33367 | BC71: ISLAM | BD71: 082132682636 | BE71: S2 | BF71: NOTARIS/PPAT | BG71: KANTOR NOTARIS/PPAT MUHAMMAD FATKHUL ARIF S.H.,M.KN | BH71: JLN CILIWUNG NO 8 | BI71: 082132682636 | BJ71: >20jt | BK71: Notarismalang@gmail.com | BL71: NOVIA VIRONIKA S.KM | BM71: 3510044911920004 | BN71: BANYUWANGI | BO71: 33917 | BP71: ISLAM | BQ71: 081249760076 | BR71: S1 | BS71: WIRASWASTA | BT71: VEKOZT EKSKLUSIF | BU71: JLN SIGURA-GURA KARANGBESUKI MALANG | BV71: 081249760076 | BW71: >20jt | BX71: noviavironika091192@gmail.com | BY71: Muhammad fatkhul arif | BZ71: BONTANG | CA71: 33367 | CC71: 081249760076 | CD71: S2 | CE71: Notaris/PPAT
A72: 92 | I72: RAUDHATUL ATHFAL (RA) | J72: TPQ PAGI ASHABUL KAHFI | K72: JL. TANJUNG, BANJARARUM, SINGOSARI | M72: 2275 | O72: 3507091303180016 | P72: 3507096305190003 | Q72: KHADIJAH AFRINA AARA | R72: 1C | S72: SAFIR | T72: AARA/KHADIJAH | U72: PEREMPUAN | V72: MALANG | W72: 43608 | Y72: REGULER | AA72: ISLAM | AB72: WARGA NEGARA INDONESIA | AC72: JL. ALAM HIJAU KAV.B1 BANJARARUM SINGOSARI | AD72: 06 | AE72: 08 | AF72: BANJARARUM | AG72: SINGOSARI | AH72: LUAR MALANG | AI72: 65153 | AJ72: KABUPATEN MALANG | AM72: 089612122833 | AN72: 081230915187 | AO72: 1 | AP72: 1 | AS72: 18,7 | AT72: 117CM | AV72: TIDAK | AW72: BATUK, PILEK | AX72: INDONESIA | AY72: ALFIAN ILHAM HILMI (S.Ars) | AZ72: 3374100104930001 | BA72: SEMARANG | BB72: 34060 | BC72: ISLAM | BD72: 081230915187 | BE72: S1 | BF72: WIRASWASTA | BG72: FREELANCE DI RUMAH | BH72: JL.ALAM HIJAU KAV.B1 BANJARARUM SINGOSARI | BI72: 081230915187 | BJ72: 3.000.000 - 5.000.000 | BK72: ailham307@gmail.com | BL72: LAILY ILAROSMARIA. S.T | BM72: 3507095809930001 | BN72: MALANG | BO72: 34230 | BP72: ISLAM | BQ72: 089612122767 | BR72: S1 | BS72: WIRASWASTA | BT72: BELIKE KOKI | BU72: JL.ALAM HIJAU KAV.B1 BANJARARUM SINGOSARI | BV72: 081335825373 | BW72: 1.000.000-3.000.000 | BX72: laily.rosmaria@gmail.com
A73: 64 | I73: TAMAN KANAK-KANAK (TK) | J73: TK ANAK SALEH | K73: JALAN CANDI PANGGUNG INDAH NO 1-3 | M73: 2288 | N73: 3197388877 | O73: 3573010612180010 | P73: 3573012605190002 | Q73: MUHAMMAD AZZAM ABBASSADAD | R73: 1C | S73: SAFIR | T73: AZZAM | U73: LAKI-LAKI | V73: PATI | W73: 43611 | Y73: PDBK (BERKEBUTUHAN KHUSUS) | Z73: Autism | AA73: ISLAM | AB73: WARGA NEGARA INDONESIA | AC73: PERUM BANJARARUM ASRI BLOK HS 02 | AD73: 13 | AE73: 11 | AF73: BANJARARUM | AG73: SINGOSARI | AH73: LUAR MALANG | AI73: 65153 | AJ73: MALANG | AM73: 085933000401 | AN73: 085933000402 | AO73: 1 | AP73: 0 | AS73: 23 | AT73: 113 | AV73: TIDAK | AW73: Tidak ada | AX73: INDONESIA | AY73: apt. Asri Rachmadi, S.Farm. | AZ73: 3573011304930003 | BA73: MALANG | BB73: 41377 | BC73: ISLAM | BD73: 085933000401 | BE73: S1 | BF73: PNS / APOTEKER | BG73: PUSKESMAS PUJON | BH73: JL. BRIGHEND ABDUL MANAN WIJAYA NO 259 PUJON LOR, PUJON | BI73: 0341 - 524046 | BJ73: 7500000 | BK73: rachmadi.asri@gmail.com | BL73: apt. Lathifa Khoirunnisa, S.Farm. | BM73: 3318126903930001 | BN73: PATI | BO73: 34057 | BP73: ISLAM | BQ73: 085933000402 | BR73: S1 | BS73: APOTEKER | BT73: APOTEK TOYOMARTO | BU73: JL. SERUNAI RAMBAT PERUMAHAN NO.6, PETUNG WULUNG, TOYOMARTO, KEC. SINGOSARI, KABUPATEN MALANG, JAWA TIMUR 65153 | BV73: 083148468724 | BW73: 3600000 | BX73: lathifa29393@gmail.com
A74: 41 | I74: TAMAN KANAK-KANAK (TK) | J74: TK ABA 33 | K74: NGIJO KARANGPLOSO | M74: 2291 | N74: 3195611627 | O74: 3507232710140004 | P74: 3507231112190001 | Q74: MUHAMMAD HAYDI RHYSEAN | R74: 1C | S74: SAFIR | T74: SEAN | U74: LAKI-LAKI | V74: MALANG | W74: 43810 | Y74: REGULER | AA74: ISLAM | AB74: WARGA NEGARA INDONESIA | AC74: PERUM GOA BLOK KO.12 | AD74: 05 | AE74: 15 | AF74: NGIJO | AG74: KARANGPLOSO | AH74: LUAR MALANG | AI74: 65152 | AJ74: MALANG | AM74: 081336226202 | AN74: 081336226202 | AO74: 3 | AP74: 2 | AS74: 19 | AT74: 112 | AV74: TIDAK | AW74: Tdk ada | AX74: INDONESIA | AY74: Dwi Budi Santoso, ST | AZ74: 3526123005860001 | BA74: BANGKALAN | BB74: 31562 | BC74: ISLAM | BD74: 082112393724 | BE74: S1 | BF74: KARYAWAN SWASTA | BG74: PT. GUDANG GARAM | BH74: PANDAAN | BI74: - | BJ74: 10.000.000 | BK74: Dwi.budi191105@gmail.com | BL74: Nuri Herdiyanie, ST | BM74: 3507235307860001 | BN74: MALANG | BO74: 31606 | BP74: ISLAM | BQ74: 081336226202 | BR74: S1 | BS74: KARY BUMN | BT74: PT. BNI PERSERO TBK | BU74: MALANG | BV74: - | BW74: 10.0000.000 | BX74: Nuriherdiyanie@gmail.com
A75: 57 | I75: TAMAN KANAK-KANAK (TK) | J75: TK ANAKSALEH | K75: JL. CANDI PANGGUNG | M75: 2292 | N75: 3199600618 | O75: 3575021109130001 | P75: 3575020505190002 | Q75: MUHAMMAD KENZIE SYAHREZA | R75: 1C | S75: SAFIR | T75: KENZIE | U75: LAKI-LAKI | V75: MALANG | W75: 43590 | Y75: REGULER | AA75: ISLAM | AB75: WARGA NEGARA INDONESIA | AC75: PERUM BUMI MADINAH 2 BLOK D NO93 | AD75: 01 | AE75: 14 | AF75: LANDUNGSARI | AG75: DAU | AH75: LUAR MALANG | AI75: 65151 | AJ75: KAB. MALANG | AM75: 0 | AN75: 081233988464 | AO75: 2 | AP75: 1 | AS75: 19 | AT75: 110 | AV75: TIDAK | AW75: PILEK | AX75: BAHASA INDONESIA DAN JAWA | AY75: Risas Wahyudi, S.Pd | AZ75: 3575032407880001 | BA75: PASURUAN | BB75: 32318 | BC75: ISLAM | BD75: 08563609992 | BE75: S1 | BF75: GURU | BG75: SD ANAK SALEH | BH75: JALAN ARUMBA NO 31 | BI75: 0 | BJ75: 3500000 | BK75: risasw55@gmail.com | BL75: Dyna Falsafy, S.Pd | BM75: 3572035810870001 | BN75: BLITAR | BO75: 45948 | BP75: ISLAM | BQ75: 081233988464 | BR75: S1 | BS75: GURU | BT75: SMKN 3 MALANG | BU75: JL SURABAYA NO 1 KOTA MALANG | BV75: 0 | BW75: 4000000 | BX75: dfalsafy@gmail.com
A76: 81 | I76: TAMAN KANAK-KANAK (TK) | J76: TK ANAK SALEH | K76: JL. CANDI PANGGUNG | M76: 2297 | N76: 3199920813 | O76: 35071800903180003 | P76: 3507185506190001 | Q76: NAURA FITRI NUR RIZKIYA | R76: 1C | S76: SAFIR | T76: NAURA | U76: PEREMPUAN | V76: SUMENEP | W76: 43631 | Y76: REGULER | AA76: ISLAM | AB76: WARGA NEGARA INDONESIA | AC76: PERUMAHAN GREEN ORCHID RESIDENCE CLUSTER VENOSA BLOK D - 32 (ALAMANDA) KEL. MOJOLANGU KEC. LOWOKWARU KOTA MALANG - JAWA TIMUR | AD76: 002 | AE76: 020 | AF76: MOJOLANGU | AG76: LOWOKWARU | AH76: LOWOKWARU | AI76: 65142 | AJ76: KOTA MALANG | AM76: - | AN76: 081617020201 | AO76: Satu | AP76: 2 | AS76: 20 | AT76: 110 | AV76: ADA | AW76: BATUK, PILEK | AX76: INDONESIA | AY76: Musahwi,S.E | AZ76: 3529201408880001 | BA76: SUMENEP | BB76: 32338 | BC76: ISLAM | BD76: 081556667222 | BE76: S1 | BF76: WIRAUSAHA | BG76: TOKO ANEKA SPORT MALANG | BH76: JL. KALPATARU NO 115 A LOWOKWARU KOTA MALANG | BI76: - | BJ76: >20juta | BK76: Awimusahwi@gmail.com | BL76: Mila Raesita,S.E | BM76: 3573024106920004 | BN76: MALANG | BO76: 33756 | BP76: ISLAM | BQ76: 081617020201 | BR76: S1 | BS76: IBU RUMAH TANGGA | BT76: - | BU76: - | BV76: - | BW76: - | BX76: miarezietha@gmail.com
A77: 9 | I77: TAMAN KANAK-KANAK (TK) | J77: TK ISLAM AL-GHAFFAAR | K77: PERUMAHAN BUMIASRI SENGKALING, DAU, MALANG | M77: 2316 | N77: 3199245319 | O77: 3507220512160006 | P77: 3507224804190001 | Q77: VENYA ALMAHYRA MAKOTO | R77: 1C | S77: SAFIR | T77: VENYA | U77: PEREMPUAN | V77: MALANG | W77: 43563 | Y77: REGULER | AA77: ISLAM | AB77: WARGA NEGARA INDONESIA | AC77: PERUMAHAN TERRA REGENCY DAWUHAN BLOK C-8 | AD77: 024 | AE77: 006 | AF77: TEGALGONDO | AG77: KARANGPLOSO | AH77: LUAR MALANG | AI77: 65152 | AJ77: MALANG | AM77: - | AN77: 081333245420 | AO77: 2 | AP77: 2 | AS77: 16 | AT77: 108 | AV77: TIDAK | AW77: - | AX77: BAHASA INDONESIA | AY77: Muhammad Fauzil Haqqi, S.Kom. | AZ77: 3507222711880002 | BA77: MALANG | BB77: 32474 | BC77: ISLAM | BD77: 0811889937 | BE77: S1 | BF77: KARYAWAN SWASTA | BG77: PT AKU PEDULI INDONESIA | BH77: VILLA SENGKALING P-15, MALANG | BI77: - | BJ77: 12000000 | BK77: me@haqqi.net | BL77: Shaila Wida Raharja, S.Ab., M.M. | BM77: 3507256511900002 | BN77: MALANG | BO77: 33202 | BP77: ISLAM | BQ77: 081333245420 | BR77: S2 | BS77: IBU RUMAH TANGGA | BT77: - | BU77: - | BW77: 0 | BX77: shailawida11@gmail.com
A78: 95 | I78: TAMAN KANAK-KANAK (TK) | J78: TAMAN KANAN-KANAK ISLAM AL ASY'ARI | K78: JL. PATIMURA NO. 15 JUNREJO KOTA BATU | M78: 2317 | N78: 3208559942 | O78: 3526012208190004 | P78: 3526015403200001 | Q78: YUSFINA SHIDQI ADZKIYA | R78: 1C | S78: SAFIR | T78: KIYA | U78: PEREMPUAN | V78: MALANG | W78: 43903 | Y78: REGULER | AA78: ISLAM | AB78: WARGA NEGARA INDONESIA | AC78: PERUMAHAN THE EMERALD BLOK J. NO 24. JL. LOCARI DUSUN PRECET | AD78: 01 | AE78: 05 | AF78: SUMBERSEKAR | AG78: DAU | AH78: LUAR MALANG | AI78: 65151 | AJ78: MALANG | AM78: 085755102425/085850991700 | AN78: 085755102425 | AO78: 1 | AP78: 2 | AS78: 15.8 kg | AT78: 110 cm | AV78: TIDAK | AW78: TIDAK ADA | AX78: INDONESIA | AY78: Dr. ZAMRONI, S.Psi., M. Pd. | AZ78: 3524150610870002 | BA78: LAMONGAN | BB78: 32056 | BC78: ISLAM | BD78: 085755102425 | BE78: S3 | BF78: PNS / DOSEN | BG78: UNIVERSITAS NEGERI MALANG | BH78: JL. SEMARANG 5 MALANG | BI78: 085755102425 | BJ78: 4500000 | BK78: zamroni.fip@um.ac.id | BL78: FAUZIYAH ENI PURWANINGSIH, S.SI | BM78: 3526017110910003 | BN78: LAMONGAN | BO78: 33542 | BP78: ISLAM | BQ78: 085850991700 | BR78: S1 | BS78: WIRASWASTA | BT78: - | BU78: - | BV78: 085850991700 | BW78: 2000000 | BX78: fauziyahenipurwaningsih@gmail.com
A79: 40 | I79: TAMAN KANAK-KANAK (TK) | J79: PERMATA IMAN 1 | K79: JL BATU PERMATA NO.9 TLOGOMAS, MALANG | M79: 2319 | O79: 3507220703130001 | P79: 3507220411190001 | Q79: YUSUF IRFAN ATHAFARIZ | R79: 1C | S79: SAFIR | T79: YUSUF | U79: LAKI-LAKI | V79: MALANG | W79: 43773 | Y79: REGULER | Z79: Tidak ada | AA79: ISLAM | AB79: WARGA NEGARA INDONESIA | AC79: PERUM OMA CAMPUS BLOK A-13 NO.5, LANDUNGSARI, DAU, MALANG | AD79: 003 | AE79: 010 | AF79: LANDUNGSARI | AG79: DAU | AH79: LUAR MALANG | AI79: 65151 | AJ79: MALANG | AM79: Tidak ada | AN79: 082143099898 | AO79: 2 | AP79: 2 | AS79: 18 kg | AT79: 117 cm | AV79: TIDAK | AW79: PILEK | AX79: BAHASA INDONESIA | AY79: Aldrin Yusuf Firmansyah, ST, MT | AZ79: 3523161808770001 | BA79: MALANG | BB79: 28355 | BC79: ISLAM | BD79: 082143099898 | BE79: S2 | BF79: DOSEN | BG79: UNIVERSITAS ISLAM NEGERI (UIN) MALANG | BH79: JL GAJAYANA NO. 50, MALANG | BI79: 0341-558933 | BJ79: 4,5 juta | BK79: aldrinyusuf77@gmail.com | BL79: Asrini Sepriyanti, SH | BM79: 6171035809840007 | BN79: PONTIANAK | BO79: 30943 | BP79: ISLAM | BQ79: 081352681278 | BR79: S1 | BS79: IBU RUMAH TANGGA | BT79: TIDAK ADA | BU79: TIDAK ADA | BV79: Tidak ada | BW79: Tidak ada | BX79: sepririni@gmail.com | BY79: Tidak ada | BZ79: TIDAK ADA | CC79: Tidak ada | CE79: Tidak ada
A80: 69 | I80: TAMAN KANAK-KANAK (TK) | J80: TK ISLAM KHARISMA | K80: PERUM TIRTASANI ROYAL RESORT BLOK F2 NO. 8-9, DUSUN NGENEP, DESA NGENEP, KECAMATAN KARANGPLOSO, KABUPATEN MALANG, JAWA TIMUR | M80: 2220 | N80: 3191073142 | O80: 350730311121800004 | P80: 3507300303190002 | Q80: ABBARRA PANDU SASMITO | R80: 1D | S80: RUBY | T80: ABBARRA | U80: LAKI-LAKI | V80: MALANG | W80: 43527 | Y80: REGULER | AA80: ISLAM | AB80: WARGA NEGARA INDONESIA | AC80: PERUMAHAN DEPRIMA BLOK A 8 | AD80: 19 | AE80: 01 | AF80: TUNGGULWULUNG | AG80: LOWOKWARU | AH80: LOWOKWARU | AI80: 65143 | AJ80: MALANG | AM80: 085748698868 | AN80: 085748698868 | AO80: 1 | AP80: 0 | AS80: 20nkg | AT80: 120cm | AV80: TIDAK | AW80: BATUK, PILEK | AX80: BAHASA INDONESIA DAN JAWA | AY80: Wahyu agung sasmito | AZ80: 3507302708940002 | BA80: MALANG | BB80: 34549 | BC80: ISLAM | BD80: +62 856-0753-8257 | BE80: SMA/SMK SEDERAJAT | BF80: PENGUSAHA | BG80: PT BARRA PANDU JAYA | BH80: JL LONCAT INDAH KAV A 14 TASIKMADU MALANG | BI80: +62 856-0753-8257 | BJ80: 80.000.000 - 200.000.000 | BK80: Wahyuagungsasmito@gmail.con | BL80: Maunah rahmawati putri | BM80: 3522125005950007 | BN80: BOJONEGORO | BO80: 45787 | BP80: ISLAM | BQ80: 085748698868 | BR80: S1 | BS80: PENGUSAHA | BT80: PT BARRA PANDU JAYA | BU80: RUKO MODERN KAV A14 LONCAT INDAH TASIKMADU MALANG | BV80: 085895439094 | BW80: 80.000.000-200.000.000 | BX80: putriuun2@gmail.com
A81: 37 | I81: TAMAN KANAK-KANAK (TK) | J81: TA GITA NANDA | K81: JALAN SUDIMORO 21A | M81: 2222 | N81: 3192621705 | O81: 3573020305170001 | P81: 3573021903190001 | Q81: AGHAFAKHRI PRADIPTA AFFANDY | R81: 1D | S81: RUBY | T81: FAKHRI | U81: LAKI-LAKI | V81: MALANG | W81: 43543 | Y81: REGULER | AA81: ISLAM | AB81: WARGA NEGARA INDONESIA | AC81: JALAN BOROBUDUR AGUNG BARAT VIII NO 3B | AD81: 8 | AE81: 11 | AF81: MOJOLANGU | AG81: LOWOKWARU | AH81: LOWOKWARU | AI81: 65141 | AJ81: KOTA MALANG | AM81: Tidak ada | AN81: 085646742160 | AO81: 1 | AP81: 1 | AS81: 21,7 | AT81: 120 | AV81: TIDAK | AW81: BATUK, PILEK | AX81: INDONESIA | AY81: Anshar affandy S.T | AZ81: 3573020206900001 | BA81: MALANG | BB81: 33026 | BC81: ISLAM | BD81: 085645456390 | BE81: S1 | BF81: KARYAWAN SWASTA | BG81: PLN NUSANTARA POWER | BH81: JALAN KETINTANG BARU NO 11 KETINTANG, KEC. GAYUNGAN, SURABAYA, JAWA TIMUR | BI81: (031) 8283180 | BJ81: 20.000.000 | BK81: anshar.affandy@gmail.com | BL81: Rissa ardhiandini | BM81: 3573044202900008 | BN81: BLITAR | BO81: 32906 | BP81: ISLAM | BQ81: 085646742160 | BR81: S1 | BS81: IBU RUMAH TANGGA | BT81: TIDAK BEKERJA | BU81: TIDAK BEKERJA | BV81: Tidak bekerja | BW81: 0 | BX81: rissa.ardhiandini@gmail.com
A82: 4 | I82: TAMAN KANAK-KANAK (TK) | J82: PAUD TERPADU ANAK SALEH | K82: JL. CANDI PANGGUNG INDAH 1-3 MALANG | M82: 2224 | N82: 3208144952 | O82: 3573011911200010 | P82: 3574040401200002 | Q82: AHMAD HAIDAR AKBAR | R82: 1D | S82: RUBY | T82: HAIDAR | U82: LAKI-LAKI | V82: MALANG | W82: 43834 | Y82: REGULER | AA82: ISLAM | AB82: WARGA NEGARA INDONESIA | AC82: JL. SIMPANG SULFAT BARAT I NO. 31 | AD82: 07 | AE82: 06 | AF82: PANDANWANGI | AG82: BLIMBING | AH82: BLIMBING | AI82: 65126 | AJ82: KOTA MALANG | AM82: - | AN82: 081945577735 | AO82: 2 | AP82: 1 | AS82: 18 | AT82: 110 | AV82: TIDAK | AW82: BATUK, PILEK | AX82: INDONESIA | AY82: Muhammad Iqbal Akbar, S.ST., M.MT. | AZ82: 3573052410880001 | BA82: BANDUNG | BB82: 32440 | BC82: ISLAM | BD82: 081945577735 | BE82: S2 | BF82: PNS (DOSEN) | BG82: UNIVERSITAS NEGERI MALNG | BH82: JL. CAKRAWALA NO.5, SUMBERSARI, KEC. LOWOKWARU, KOTA MALANG, JAWA TIMUR 65145 | BI82: 0341-551312 | BJ82: 3900000 | BK82: mia.official.indonesia@gmail.com | BL82: Intan Hariyani, S.ST. | BM82: 3574046407880003 | BN82: SURABAYA | BO82: 32348 | BP82: ISLAM | BQ82: 085230919716 | BR82: S1 | BS82: IBU RUMAH TANGGA | BT82: - | BU82: - | BV82: - | BW82: - | BX82: gitaprajnasari@gmail.com
A83: 96 | I83: TAMAN KANAK-KANAK (TK) | J83: TK ANAK SALEH | K83: CANDI PANGGUNG 1-3 | M83: 2232 | N83: 3190145391 | O83: 3573010301110009 | P83: 3573016811190003 | Q83: ALESHA PUTRI KURNIAWAN | R83: 1D | S83: RUBY | T83: ALESHA | U83: PEREMPUAN | V83: MALANG | W83: 43797 | Y83: Reguler | Z83: tidak | AA83: ISLAM | AB83: WARGA NEGARA INDONESIA | AC83: GRAND MASYHUR RESIDENCE BLOK E12 | AD83: 02 | AE83: 06 | AF83: TUNJUNG SEKAR | AG83: LOWOKWARU | AH83: LOWOKWARU | AI83: 65142 | AJ83: KOTA MALANG | AN83: 081333447914 | AO83: Ke 2 | AP83: 2 | AS83: 20,7 | AT83: kurleb 70 | AV83: TIDAK | AW83: DEMAM, BATUK | AX83: BAHASA INDONESIA | AY83: Kuswanto ST | AZ83: 3573010102830002 | BA83: MALANG | BB83: 30349 | BC83: ISLAM | BD83: 082232835536 | BE83: S1 | BF83: PNS | BG83: KABUPATEN MALANG | BH83: KABUPATEN MALANG | BI83: tidak ada | BJ83: 4jt/ bln | BK83: cus12boy@gmail.com | BL83: Rizki kartikasari Spsi | BM83: 3573010902140003 | BN83: MALANG | BO83: 31917 | BP83: ISLAM | BQ83: 081333447914 | BR83: S1 | BS83: IBUNRUMAH TANGGA | BT83: TIDAK ADA | BU83: TIDAK | BV83: tidak | BW83: tidak | BX83: till lu
A84: 48 | I84: TAMAN KANAK-KANAK (TK) | J84: TK ANAK SALEH | K84: JL. CANDI PANGGUNG INDAH, KOTA MALANG | M84: 2233 | N84: 3206564050 | O84: 3573051912190008 | P84: 3573050402200004 | Q84: ALIF ALSHAD AKBAR | R84: 1D | S84: RUBY | T84: ALIF | U84: LAKI-LAKI | V84: MALANG | W84: 43865 | Y84: REGULER | AA84: ISLAM | AB84: WARGA NEGARA INDONESIA | AC84: JL. TATA SURYA 1 BLOK C1, DINOYO, LOWOKWARU, KOTA MALANG | AD84: 7 | AE84: 6 | AF84: DINOYO | AG84: LOWOKWARU | AH84: LOWOKWARU | AI84: 65144 | AJ84: KOTA MALANG | AM84: - | AN84: 085345812749 | AO84: 1 | AP84: 1 | AS84: 18 | AT84: 110 | AV84: TIDAK | AW84: DEMAM, BATUK, PILEK, ASMA/SESAK | AX84: INDONESIA | AY84: dr. KHARISMA RAMADHAN AKBAR | AZ84: 3507242302930001 | BA84: MALANG | BB84: 34023 | BC84: ISLAM | BD84: 085965913745 | BE84: S1 | BF84: DOKTER | BG84: RESIDEN UNAIR | BH84: RS SOETOMO SURABAYA | BI84: - | BJ84: - | BK84: kharismara@gmail.com | BL84: dr. AMALIA INTAN PERMATA SARI | BM84: 6401045203940003 | BN84: NGAWI | BO84: 34405 | BP84: ISLAM | BQ84: 085345812749 | BR84: S1 | BS84: DOKTER | BT84: BELLECROWN AESTHETIC CLINIC | BU84: LEMBAH DIENG NO.6, KOTA MALANG | BV84: - | BW84: +- 5.000.000 | BX84: amaliaintan.permatasari@gmail.com
A85: 33 | I85: TAMAN KANAK-KANAK (TK) | J85: TK LAB UM | K85: JL MAGELANG SUMBERSARI | M85: 2235 | N85: 3196405900 | O85: 3507232610170001 | P85: 3507231303190003 | Q85: ALTHAFUNIZAM MAULANA GIBRAN | R85: 1D | S85: RUBY | T85: NIZAM | U85: LAKI-LAKI | V85: BLITAR | W85: 43537 | Y85: REGULER | AA85: ISLAM | AB85: WARGA NEGARA INDONESIA | AC85: JL BUKIT KAMBOJA 2 NO 23 | AD85: 02 | AE85: 16 | AF85: NGIJO | AG85: KARANGPLOSO | AH85: LUAR MALANG | AI85: 65152 | AJ85: MALANG | AM85: 08125977753 | AN85: 08125977753 | AO85: 3 | AP85: 2 | AS85: 25 Kg | AT85: 125 cm | AV85: TIDAK | AW85: BATUK | AX85: INDONESIA | AY85: Moch Alif Fachrudin | AZ85: 3524210301840001 | BA85: LAMONGAN | BB85: 30684 | BC85: ISLAM | BD85: 08125977753 | BE85: S2 | BF85: MASTER MARINE | BG85: PSA MARINE | BH85: - | BI85: - | BJ85: 20.000.000 | BK85: avitakaranika@gmail.com | BL85: Avita Karanika P | BM85: 3505186104870001 | BN85: BLITAR | BO85: 31888 | BP85: ISLAM | BQ85: 08125977753 | BR85: S1 | BS85: IRT | BT85: - | BU85: - | BV85: - | BW85: - | BX85: avitakaranika@gmail.com | BY85: Avita Karanika | BZ85: BLITAR | CA85: 31888 | CC85: 08125977753 | CD85: S1 | CE85: IRT
A86: 30 | I86: RAUDHATUL ATHFAL (RA) | J86: KB RA AR ROHMAH | K86: JL JAMBU NO 1 SEMANDING KAB. MALANG | M86: 2236 | O86: 3507222409190010 | P86: 3507222406190001 | Q86: ALVARENDRA BARRAMERU SETIAWAN | R86: 1D | S86: RUBY | T86: BARRAMERU | U86: LAKI-LAKI | V86: MALANG | W86: 43640 | Y86: REGULER | AA86: ISLAM | AB86: WARGA NEGARA INDONESIA | AC86: PERUMAHAN BUMI ASRI SENGKALING BLOK C15 TAHAP 1 | AD86: 1 | AE86: 5 | AF86: MULYOAGUNG | AG86: DAU | AH86: LUAR MALANG | AI86: 65151 | AJ86: KAB. MALANG | AM86: 085198179870 | AN86: 085198179880 | AO86: 1 | AP86: 0 | AS86: 16.5kg | AT86: 114cm | AV86: ADA | AW86: BATUK, PILEK | AX86: INDONESIA | AY86: Arief Setiawan | AZ86: 3506180503910001 | BA86: DILI | BB86: 33302 | BC86: ISLAM | BD86: 081357105719 | BE86: SMA/SMK SEDERAJAT | BF86: WIRASWASTA | BG86: WIRASWASTA | BH86: PERUMAHAN BUMI ASRI SENGKALING BLOK C15 TAHAP 1 | BI86: 081357105719 | BJ86: 5.000.000 | BK86: ariefririsbarra@gmail.com | BL86: Riris Akmareta | BM86: 3507226603920001 | BN86: MALANG | BO86: 33689 | BP86: ISLAM | BQ86: 085198179880 | BR86: SMA/SMK SEDERAJAT | BS86: IBU RUMAH TANGGA | BT86: TIDAK ADA | BU86: TIDAK ADA | BV86: Tidak ada | BW86: Tidak ada | BX86: maretaririz1@gmail.com | CA86: 45939
A87: 39 | I87: TAMAN KANAK-KANAK (TK) | J87: ANAK SALEH | K87: JL CANDI PANGGUNG INDAH NO 1-3 | M87: 2240 | N87: 3196573842 | O87: 3578252503130006 | P87: 3578255012190001 | Q87: ANEDZA KEIKO QUINZHA | R87: 1D | S87: RUBY | T87: KEIKO | U87: PEREMPUAN | V87: MALANG | W87: 43809 | Y87: REGULER | AA87: ISLAM | AB87: WARGA NEGARA INDONESIA | AC87: JL BUNGA FLAMBOYAN NO 49 | AD87: 07 | AE87: 09 | AF87: JATIMULYO | AG87: LOWOWKWARU | AH87: LOWOKWARU | AI87: 65141 | AJ87: KOTA MALANG | AM87: 0341 409910 | AN87: 081333398600 | AO87: 2 | AP87: 1 | AS87: 21 | AT87: 110 | AV87: TIDAK | AW87: BATUK | AX87: INDONESIA | AY87: Apt. Mirza Farisi Edria, S. Farm | AZ87: 3578251204870001 | BA87: SURABAYA | BB87: 31879 | BC87: ISLAM | BD87: 085648002733 | BE87: S1 | BF87: APOTEKER | BG87: RS SAIFUL ANWAR MALANG | BH87: JL JAKSA AGUNG SUPRAPTO NO 2 | BI87: 0341 362101 | BJ87: 6.000.000-10.000.000 | BK87: mirzaedria@gmail.com | BL87: dr. Edza Akelei Ryantifa,SpOG | BM87: 3514114106870001 | BN87: SURABAYA | BO87: 31929 | BP87: ISLAM | BQ87: 081333398600 | BR87: S2 | BS87: DOKTER | BT87: RSI MASYITHOH BANGIL | BU87: JL A. YANI NO 6 BANGIL-PASURUAN | BV87: 0341 741018 | BW87: 10.000.000-30.000.000 | BX87: edza.akelei@gmail.com
A88: 32 | I88: TAMAN KANAK-KANAK (TK) | J88: TK LAB UM | K88: JALAN MAGELANG NO. 2 KOTA MALANG | M88: 2242 | N88: 3199365836 | O88: 3507021907160006 | P88: 3507024909190001 | Q88: ARINDA SYAKHILA AR-RUMI | R88: 1D | S88: RUBY | T88: ARUMI | U88: PEREMPUAN | V88: MALANG | W88: 43717 | Y88: REGULER | AA88: ISLAM | AB88: WARGA NEGARA INDONESIA | AC88: PERUMAHAN LANDUNGSARI INSIDE NO. B2 JALAN TIRTOSARI | AD88: 2 | AE88: 7 | AF88: LANDUNGSARI | AG88: DAU | AH88: LUAR MALANG | AI88: 65151- | AJ88: KAB. MALANG | AM88: - | AN88: 082150016622 | AO88: 2 | AP88: 1 | AS88: 22 | AT88: 100 | AV88: TIDAK | AW88: Jarang sakit | AX88: INDONESIA | AY88: Dr. Ari Wibowo Kurniawan, M.Pd. | AZ88: 3573020307830004 | BA88: MALANG | BB88: 30500 | BC88: ISLAM | BD88: 081334849633 | BE88: S3 | BF88: DOSEN | BG88: UNIVERSITAS NEGERI MALANG | BH88: JALAN SEMARANG NO. 5, KOTA MALANG | BJ88: 7-9 juta | BK88: ari.wibowo.fik@um.ac.id | BL88: Winda Istiandini, M.Pd. | BM88: 6171014203880006 | BN88: PONTIANAK | BO88: 32204 | BP88: ISLAM | BQ88: 082150016622 | BR88: S2 | BS88: DOSEN | BT88: UNIVERSITAS NEGERI MALANG | BU88: JALAN SEMARANG NO. 5 KOTA MALANG | BW88: 5-7 juta | BX88: windaistiandini.fs@um.ac.id
A89: 77 | I89: TAMAN KANAK-KANAK (TK) | J89: TK ISLAM AL IKHLAS | K89: JALAN RAYA LANGSEP NO 21 A KOTA MALANG | M89: 2246 | N89: 3183015277 | O89: 357305300100013 | P89: 3573046704180001 | Q89: ASMA HANINNUHA | R89: 1D | S89: RUBY | T89: HANIN | U89: PEREMPUAN | V89: MALANG | W89: 43217 | Y89: PDBK (BERKEBUTUHAN KHUSUS) | Z89: ASD (Autism Spectrum Disorder) | AA89: ISLAM | AB89: WARGA NEGARA INDONESIA | AC89: PONDOK CEMPAKA INDAH F/5 | AD89: 06 | AE89: 02 | AF89: MULYOREJO | AG89: SUKUN | AH89: SUKUN | AI89: 65147 | AJ89: KOTA MALANG | AM89: - | AN89: 081334379831 | AO89: 1 | AP89: 0 | AS89: 23 | AT89: 123 | AV89: TIDAK | AW89: - | AX89: INDONESIA | AY89: AKIDAH FITRAH, S.T, M.M, CGAA | AZ89: 3573050101840004 | BA89: SILA, BIMA | BB89: 30682 | BC89: ISLAM | BD89: 081334379831 | BE89: S2 | BF89: PNS | BG89: UNIVERSITAS NEGERI MALANG (UM) | BH89: TATA USAHA FAKULTAS EKONOMI DAN BISNIS UM, JL. SEMARANG 5 MALANG | BI89: 0341-552888 | BJ89: 9000000 | BK89: akidah.fitrah@um.ac.id | BL89: RAHMI SEPTIYANI, S.EI, M.E | BM89: 3171066909830005 | BN89: JAKARTA | BO89: 30588 | BP89: ISLAM | BQ89: 081283718195 | BR89: S2 | BS89: - | BT89: - | BU89: - | BV89: - | BW89: - | BX89: - | BY89: - | BZ89: -
A90: 43 | I90: TAMAN KANAK-KANAK (TK) | J90: TPQ PAGI ASHABUL KAHFI | K90: JALAN HAJI ALWI NO.01 TANJUNG RT 01 RW 09 BANJARARUM SINGOSARI | M90: 2251 | O90: 3507180612190008 | P90: 3507186211190001 | Q90: CHAYRA NADHIFA NAUFALINA | R90: 1D | S90: RUBY | T90: CHAYRA | U90: PEREMPUAN | V90: MALANG | W90: 43791 | Y90: REGULER | AA90: ISLAM | AB90: WARGA NEGARA INDONESIA | AC90: JL GOLF UTAMA KANIGORO NO. 2 | AD90: 01 | AE90: 08 | AF90: TIRTOMOYO | AG90: PAKIS | AH90: LUAR MALANG | AI90: 65154 | AJ90: KAB. MALANG | AM90: 085954459944 | AN90: 08975554549 | AO90: 1 | AP90: 0 | AS90: 18 | AT90: 110 | AV90: TIDAK | AW90: DEMAM, BATUK, PILEK | AX90: INDONESIA | AY90: Rio Aryan Hidayatullah ST | AZ90: 3574010111920001 | BA90: MALANG | BB90: 33909 | BC90: ISLAM | BD90: 085954459944 | BE90: S1 | BF90: SWASTA | BG90: PERUMAHAN | BH90: JALAN ALTERNATIV BATU MALANG | BJ90: 3000000 | BK90: Rioo.aryan@gmail.com | BL90: Novia Chusniatul Azizah | BM90: 3507184611930001 | BN90: MALANG | BO90: 34279 | BP90: ISLAM | BQ90: 08975554549 | BR90: S1 | BS90: KARYAWAN SWASTA | BT90: UNIVERSITAS MUHAMMADIYAH MALANG | BU90: JL. RAYA TLOGOMAS NO.246, BABATAN, TEGALGONDO, KEC. LOWOKWARU, KOTA MALANG, JAWA TIMUR 65144 | BW90: 3000000 | BX90: novia.via24@gmail.com
A91: 101 | I91: TAMAN KANAK-KANAK (TK) | J91: PERMATA IMAN 2 | K91: JL IKAN KAKAP NO.90 | M91: 2252 | N91: 3208836200 | O91: 3573050307190002 | P91: 3573055802200002 | Q91: CLARA ZAFIRA VALERI | R91: 1D | S91: RUBY | T91: CLARA | U91: PEREMPUAN | V91: MALANG | W91: 43879 | Y91: REGULER | AA91: ISLAM | AB91: WARGA NEGARA INDONESIA | AC91: JL KH YUSUF | AD91: 006 | AE91: 005 | AF91: TASIKMADU | AG91: LOWOKWARU | AH91: LOWOKWARU | AI91: 65143 | AJ91: KOTA MALANG | AM91: 08976904467 | AN91: 08976904467 | AO91: 1 | AP91: 0 | AS91: 23 | AT91: 120 cm | AV91: TIDAK | AW91: DEMAM | AX91: JAWA DAN INDONESIA | AY91: ARIS YUDI SETYAWAN | AZ91: 3524120704970001 | BA91: LAMONGAN | BB91: 35527 | BC91: ISLAM | BD91: 0895375478181 | BE91: SMA/SMK SEDERAJAT | BF91: WIRAUSAHA | BG91: MANDIRI | BH91: JL KH YUSUF | BJ91: 3.000.000-5.000.000 | BK91: idaayusartikasari@gmail.com | BL91: Ida ayu sartika sari | BM91: 3573056106970002 | BN91: MALANG | BO91: 35602 | BP91: ISLAM | BQ91: 08976904467 | BR91: SMA/SMK SEDERAJAT | BS91: WIRAUSAHA | BT91: MANDIRI | BU91: JL KH YUSUF | BW91: 2.000.000 | BX91: idaayusartikasari@gmail.com
A92: 35 | I92: TAMAN KANAK-KANAK (TK) | J92: TK ANAK SALEH | K92: JALAN CANDI PANGGUNG INDAH NO 1-3 MALANG | M92: 2261 | O92: 3209200407180007 | P92: 3209204907200001 | Q92: GAMILA NAURA KEJORA | R92: 1D | S92: RUBY | T92: GAMILA | U92: PEREMPUAN | V92: CIREBON | W92: 44021 | Y92: REGULER | AA92: ISLAM | AB92: WARGA NEGARA INDONESIA | AC92: JALAN BANTARAN INDAH BLOK B-19 | AD92: 001 | AE92: 013 | AF92: TULUSREJO | AG92: LOWOKWARU | AH92: LOWOKWARU | AI92: 65141 | AJ92: MALANG | AM92: 082115994221 | AN92: 082115994221 | AO92: 2 | AP92: 3 | AS92: 22 KG | AT92: 120 CM | AV92: TIDAK | AW92: BATUK, PILEK | AX92: INDONESIA | AY92: HENDRA KURNIAWAN SANTOSO | AZ92: 3573040606890002 | BA92: MALANG | BB92: 32665 | BC92: ISLAM | BD92: 081259569391 | BE92: SMA/SMK SEDERAJAT | BF92: WIRASWASTA | BG92: HEND’S BAKERY | BH92: JALAN I.R RAIS GG VII NO.04, RT 001/003, TANJUNGREJO, SUKUN, MALANG, 65146 | BI92: 081217269842 | BJ92: 10.000.000 | BK92: hendrakurniawan0606@gmail.com | BL92: PUJI RAHAYU | BM92: 3521124208930001 | BN92: NGAWI | BO92: 34183 | BP92: ISLAM | BQ92: 082115994221 | BR92: SMA/SMK SEDERAJAT | BS92: IBU RUMAH TANGGA | BT92: TIDAK ADA | BU92: TIDAK ADA | BV92: TIDAK ADA | BW92: TIDAK ADA | BX92: ayuputry817@yahoo.com | BY92: NUNUK ISWATI | BZ92: MALANG | CA92: 24147 | CC92: 081328195340 | CD92: SMA/SMK SEDERAJAT | CE92: WIRASWASTA
A93: 66 | I93: TAMAN KANAK-KANAK (TK) | J93: TK AL HUSNA | K93: LAWANG | M93: 2265 | N93: 3197686876 | O93: 3507250502210001 | P93: 3575021703190001 | Q93: HANAN AL AZKA | R93: 1D | S93: RUBY | T93: AZKA | U93: LAKI-LAKI | V93: PASURUAN | W93: 43541 | Y93: REGULER | AA93: ISLAM | AB93: WARGA NEGARA INDONESIA | AC93: PERUM MALANG ANGGUN SEJAHTERA BLOK G9/23 | AD93: 001 | AE93: 017 | AF93: SUMBERPORONG | AG93: LAWANG | AH93: LUAR MALANG | AI93: 65212 | AJ93: MALANG | AM93: 085646323960 | AN93: 085646323960 | AO93: 1 | AP93: 2 | AS93: 18 | AT93: 117 | AV93: TIDAK | AW93: BATUK, PILEK | AX93: INDONESIA DAN INGGRIS | AY93: RENDRA PRASETYO | AZ93: 3575021208900002 | BA93: PASURUAN | BB93: 33097 | BC93: ISLAM | BD93: 082157172140 | BE93: S1 | BF93: PEGAWAI BUMN | BG93: PT. PP (PERSERO) | BH93: PLAZA PP - WISMA SUBIYANTO, JALAN TB SIMATUPANG NO. 57, PASAR REBO, JAKARTA 13760 | BI93: - | BJ93: 10000000 | BK93: rendra.prasetyo61@gmail.com | BL93: AFRIZTA NURJANNAH | BM93: 3514205104900001 | BN93: PASURUAN | BO93: 32974 | BP93: ISLAM | BQ93: 082140036606 | BR93: S1 | BS93: KARYAWAN BUMN | BT93: PT BANK TABUNGAN NEGARA (PERSERO) | BU93: JL. ADE IRMA SURYANI NO.2, RW.4, KAUMAN, KEC. KLOJEN, KOTA MALANG, JAWA TIMUR 65117 | BV93: - | BW93: 10000000 | BX93: afriztanew@gmail.com
A94: 3 | I94: TAMAN KANAK-KANAK (TK) | J94: TK KARTIKA PRADANA | K94: JALAN SIMPANG AKORDION NO. 2 MALANG | M94: 2273 | N94: 3198373166 | O94: 3573051508310008 | P94: 3573050803190002 | Q94: KEMAL THARIQ AR RASYID | R94: 1D | S94: RUBY | T94: KEMAL | U94: LAKI-LAKI | V94: MALANG | W94: 43532 | Y94: REGULER | AA94: ISLAM | AB94: WARGA NEGARA INDONESIA | AC94: PURI BUNGA ESTATE D22 | AD94: 07 | AE94: 06 | AF94: JATIMULYO | AG94: LOWOKWARU | AH94: LOWOKWARU | AI94: 65141 | AJ94: KOTA MALANG | AM94: tidak ada | AN94: 081558359393 | AO94: dua | AP94: satu | AS94: 19 kg | AT94: 110 cm | AV94: TIDAK | AW94: tidak ada | AX94: BAHASA INDONESIA | AY94: Nur Syaedi, STP | AZ94: 3573040407830013 | BA94: MALANG | BB94: 30501 | BC94: ISLAM | BD94: 081558359393 | BE94: S1 | BF94: KARYAWAN SWASTA | BG94: PT. NESTLE INDONESIA | BH94: JL. RAYA PASURUAN - MALANG KM 9.5, TEMBERO, KEJAYAN, PASURUAN, JAWA TIMUR 67172 | BI94: 0343-421005 | BJ94: Rp. 12.000.000,- | BK94: nur.syaedi@gmail.com | BL94: Ika Rachmawatiningsih, STP | BM94: 3573055207860005 | BN94: MALANG | BO94: 31605 | BP94: ISLAM | BQ94: 083834343828 | BR94: S1 | BS94: IBU RUMAH TANGGA | BT94: TIDAK ADA | BU94: TIDAK ADA | BV94: tidak ada | BW94: tidak ada | BX94: langit.biru009@gmail.com
A95: 84 | I95: TAMAN KANAK-KANAK (TK) | J95: TK PERMATA IMAN | K95: JL. BATU PERMATA NO.9 TLOGOMAS LOWOKWARU KOTA MALANG | M95: 2276 | O95: 3573052510180006 | P95: 3573052905190002 | Q95: KISEKI ARNAVAKHTAR AL AYYUBI | R95: 1D | S95: RUBY | T95: AKHTAR | U95: LAKI-LAKI | V95: MALANG | W95: 43614 | Y95: REGULER | AA95: ISLAM | AB95: WARGA NEGARA INDONESIA | AC95: JL. TLOGO INDAH NO. 41 C | AD95: 006 | AE95: 001 | AF95: TLOGOMAS | AG95: LOWOKWARU | AH95: LOWOKWARU | AI95: 65144 | AJ95: KOTA MALANG | AM95: 0341-5080596 | AN95: 081286466002/085648873596 | AO95: 1 | AP95: 1 | AS95: 17 | AT95: 118 | AV95: TIDAK | AW95: DEMAM, BATUK, PILEK, Tifoid, Pneumonia | AX95: BAHASA INDONESIA DAN JAWA | AY95: ROFIQ AMRON HANAFI, S.T | AZ95: 3524033009870001 | BA95: LAMONGAN | BB95: 32050 | BC95: ISLAM | BD95: 081286466002 | BE95: S1 | BF95: WIRASWASTA | BG95: CV. ASTA BANGUN KARYA | BH95: JL. TLOGO INDAH NO. 41 C RT 006 RW 001 KELURAHAN TLOGOMAS KECAMATAN LOWOKWARU KOTA MALANG | BI95: 0341-5080596 | BJ95: 8.000.000 | BK95: amronhanafi3087@gmail.com | BL95: KHALIDATUL LUTFIAH, S.Hum | BM95: 3578025811910004 | BN95: MALANG | BO95: 33560 | BP95: ISLAM | BQ95: 085648873596 | BR95: S1 | BS95: IBU RUMAH TANGGA | BT95: TIDAK ADA | BU95: TIDAK ADA | BW95: 0 | BX95: olilolik9191@gmail.com
A96: 44 | I96: TAMAN KANAK-KANAK (TK) | J96: TK ANAK SALEH MALANG | K96: JL. CANDI PANGGUNG INDAH NO. 1-3, MALANG | M96: 2277 | N96: 3197791829 | O96: 3573051404140003 | P96: 3573016510190003 | Q96: KYANAYYARA FAZILA ARVI | R96: 1D | S96: RUBY | T96: FAZI | U96: PEREMPUAN | V96: MALANG | W96: 43763 | Y96: REGULER | Z96: - | AA96: ISLAM | AB96: WARGA NEGARA INDONESIA | AC96: PELITA TELUK BAYUR E2 | AD96: 01 | AE96: 08 | AF96: PANDANWANGI | AG96: BLIMBING | AH96: BLIMBING | AI96: 65126 | AJ96: KOTA MALANG | AM96: - | AN96: 081233088233 | AO96: 3 | AP96: 2 | AS96: 18.5 | AT96: 120 | AV96: TIDAK | AW96: batuk pilek tapi jarang | AX96: INDONESIA | AY96: ARIEF RAKHMAD YASIN, S.T. | AZ96: 3573050906850003 | BA96: MALANG | BB96: 31207 | BC96: ISLAM | BD96: 081256985000 | BE96: S1 | BF96: PEGAWAI SWASTA | BG96: PT. SO GOOD FOOD | BH96: RUKO PD MASPION, JLN PD MASPION NO 7, PEPELEGI - WARU - SIDOARJO | BI96: - | BJ96: 10.000.000,- | BK96: arief.rakhmad@gmail.com | BL96: DEVI SETYA CHRISTINA, S.T. | BM96: 3573036308860004 | BN96: MALANG | BO96: 31647 | BP96: ISLAM | BQ96: 081233088233 | BR96: S1 | BS96: BLUD | BT96: RS DR SAIFUL ANWAR MALANG | BU96: JL. JAKSA AGUNG SUPRAPTO NO. 2 MALANG PROVINSI JAWA TIMUR KODE POS : 65111 | BV96: 0341 – 362101 | BW96: 4.000.000,- | BX96: devi.setyac@gmail.com
A97: 51 | I97: TAMAN KANAK-KANAK (TK) | J97: TK ANAK SALEH | K97: JL CANDI PANGGUNG INDAH NO 1-3 | M97: 2281 | N97: 3194639128 | O97: 3573050903150014 | P97: 3573052411190001 | Q97: MAULANA ANDHARU REYNOVAN | R97: 1D | S97: RUBY | T97: DHARU | U97: LAKI-LAKI | V97: MALANG | W97: 43793 | Y97: REGULER | Z97: 0 | AA97: ISLAM | AB97: WARGA NEGARA INDONESIA | AC97: JL SUKARNO HATTA NO 6 MALANG | AD97: 004 | AE97: 005 | AF97: MOJOLANGU | AG97: LOWOKWARU | AH97: LOWOKWARU | AI97: 65142 | AJ97: KOTA | AM97: 0 | AN97: 087759636340 | AO97: 2 | AP97: 2 | AS97: 21 | AT97: 116 | AV97: TIDAK | AW97: DEMAM, BATUK, PILEK | AX97: BAHASA INDONESIA | AY97: SYAIFUL RAHMAN | AZ97: 3529012007860006 | BA97: SUMENEP | BB97: 31613 | BC97: ISLAM | BD97: 081944939381 | BE97: S1 | BF97: BUMN | BG97: BRI | BH97: KANTOR BRI UNIT PACET JL KARTINI NO 1 PACET BARAT KEC PACET KAB MOJOKERTO | BI97: 0 | BJ97: 7.000.0000 | BK97: sy4iful.r4hm4n@gmail.com | BL97: FENY TUNJUNGSARI | BM97: 3.5730562e+15 | BN97: MALANG | BO97: 30916 | BP97: ISLAM | BQ97: 087759636340 | BR97: S2 | BS97: DOSEN | BT97: UMM | BU97: UNIVERSITAS MUHAMMADIYAH MALANG KAMPUS 2 JL SIGURA GURA MALANG | BV97: 0 | BW97: 2.500.000 | BX97: feny.tunjungsari@gmail.com | BY97: 0 | BZ97: 0 | CC97: 0 | CE97: 0
A98: 71 | I98: TAMAN KANAK-KANAK (TK) | J98: PAUD SURYA GEMILANG | K98: JL. SAXOPHONE NO. 212 TUNGGULWULUNG | M98: 2290 | N98: 3204098546 | O98: 3515091508130003 | P98: 3515093003200006 | Q98: MUHAMMAD FATHIAN RAFFASYA | R98: 1D | S98: RUBY | T98: RAFFA | U98: LAKI-LAKI | V98: MALANG | W98: 43920 | Y98: REGULER | AA98: ISLAM | AB98: WARGA NEGARA INDONESIA | AC98: PERUM GREEN GARDEN SAXOPHONE NO. B6, JL. SAXOPHONE | AD98: 008 | AE98: 005 | AF98: TUNGGULWULUNG | AG98: LOWOKWARU | AH98: LOWOKWARU | AI98: 65143 | AJ98: MALANG | AM98: 082175966196 | AN98: 082131164014 | AO98: 1 | AP98: 2 | AS98: 18 | AT98: 105 | AV98: TIDAK | AW98: DEMAM | AX98: BAHASA INDONESIA | AY98: Hudan Pandu Arsa, ST | AZ98: 3515093005870001 | BA98: SIDOARJO | BB98: 31927 | BC98: ISLAM | BD98: 082175966196 | BE98: S1 | BF98: WIRASWASTA | BG98: KJSB HUDAN PANDU ARSA DAN REKAN | BH98: PERUM GRIYA PERMATA ASRI NO.37, TERTEK, TULUNGAGUNG | BJ98: 8 - 10 jt | BK98: pandu.arsa@gmail.com | BL98: Feny Arafah, ST., MT | BM98: 3571016307880009 | BN98: KEDIRI | BO98: 32347 | BP98: ISLAM | BQ98: 082131164014 | BR98: S2 | BS98: DOSEN | BT98: ITN MALANG | BU98: JL. BENDUNGAN SIGURA-GURA NO. 02, MALANG | BW98: 3 - 4 jt | BX98: fenyarafah@gmail.com
A99: 93 | I99: TAMAN KANAK-KANAK (TK) | J99: TK SITI HAJAR | K99: JL SAXOFONE NO 25 | M99: 2300 | N99: 3198397967 | O99: 3573050809160025 | P99: 3573051309190002 | Q99: OZAN DAIYAN AMSYAR | R99: 1D | S99: RUBY | T99: OZAN | U99: LAKI-LAKI | V99: MALANG | W99: 43721 | Y99: REGULER | AA99: ISLAM | AB99: WARGA NEGARA INDONESIA | AC99: JL ARUMBA PERUM ARUMBA UTAMA RESIDENCE NO B2 | AD99: 008 | AE99: 004 | AF99: TUNGGULWULUNG | AG99: LOWOKWARU | AH99: LOWOKWARU | AI99: 65143 | AJ99: KOTA MALANG | AM99: 082141709659 | AN99: 082165685961 | AO99: 2 | AP99: 4 | AS99: 19 | AT99: 119 | AV99: TIDAK | AW99: BATUK, PILEK | AX99: INDONESIA- JAWA | AY99: Yudi afrilianto | AZ99: 3507030504810005 | BA99: MALANG | BB99: 29681 | BC99: ISLAM | BD99: 082141709659 | BE99: SMA/SMK SEDERAJAT | BF99: WIRASWASTA | BG99: ECO MODE GARAGE | BH99: JL SAXOFONE NO 62 | BI99: 087761489000 | BJ99: > Rp 5.000.000 | BK99: teckdex46@gmail.com | BL99: Vivin ayu dwi lestari S.pd | BM99: 3505034511890002 | BN99: BLITAR | BO99: 32817 | BP99: ISLAM | BQ99: 082165685961 | BR99: S1 | BS99: WIRAUSAHA | BT99: PERUM ARUMBA UTAMA B2 | BU99: JL ARUMBA PERUM ARUMBA UTAMA RESIDENCE NO B2 RT 008, RW 004 KEL. TUNGGULWULUNG, KEC. LOWOKWARU, KOTA MALANG | BV99: 082165685961 | BW99: Rp 2000.000 | BX99: vivinadl89@gmail.com
A100: 79 | I100: RAUDHATUL ATHFAL (RA) | J100: ANAK EMAS | K100: JL. TEUKU UMAR NO.17, DAUH PURI KLOD, KEC. DENPASAR BAR., KOTA DENPASAR, BALI 80114 | M100: 2301 | N100: 3191154680 | O100: 3507250310180004 | P100: 3507254406190004 | Q100: PARASAYU SABINA KINANDARI | R100: 1D | S100: RUBY | T100: SABINA | U100: PEREMPUAN | V100: TAIPEI | W100: 43620 | Y100: REGULER | AA100: ISLAM | AB100: WARGA NEGARA INDONESIA | AC100: JALAN SUMBER BENING INDAH NO. 43 | AD100: 005 | AE100: 007 | AF100: KALIREJO | AG100: LAWANG | AH100: LUAR MALANG | AI100: 65216 | AJ100: KABUPATEN MALANG | AM100: 085132479130 | AN100: 085132479130 | AO100: 1 | AP100: 0 | AS100: 19 | AT100: 116 | AV100: ADA | AW100: BATUK, PILEK, ALERGI | AX100: INDONESIA | AY100: Muhammad Bintang Gemintang Sulaiman, ST., M.Sc. | AZ100: 3516162305930006 | BA100: MOJOKERTO | BB100: 34112 | BC100: ISLAM | BD100: 085132479130 | BE100: S2 | BF100: KARYAWAN SWASTA | BG100: INDUSTRIAL TECHNOLOGY RESEARCH INSTITUTE TAIWAN | BH100: ITRI HEADQUARTERS. NO. 195, SECTION 4, CHUNG HSING ROAD, CHUTUNG, HSINCHU COUNTY 310401, TAIWAN | BJ100: 35.000.000 | BK100: bintang.gemintang@hotmail.com | BL100: Yeniar Alifa Istiqomah, S.Gz., M.PH. | BM100: 3507254911920004 | BN100: SUMENEP | BO100: 33917 | BP100: ISLAM | BQ100: 085333776133 | BR100: S2 | BS100: WIRASWASTA | BT100: MAMAMINYA GROCERIES | BU100: KOTA DENPASAR, BALI | BW100: 9.000.000 | BX100: alifa.yeniar@gmail.com
...

Sheet REPORT
A1: Data Peserta Didik SD ANAK SALEH
A2: Tapel 2026-2027
A4: Nama Kelas | C4: Kelas Terperinci | D4: LAKI-LAKI | E4: PEREMPUAN | F4: Jml Siswa @ kelas | G4: INKLUSI | H4: WALI KELAS | I4: GURU KELAS | J4: GPK | K4: GPQ
H5: Romadhoniar Fitri Aini, S.Pd.I.
A6: BERLIAN | B6: A | C6: 1A | D6: =COUNTIFS(MASTER!R:R,C6,MASTER!U:U,$D$4) -> 15 | E6: =COUNTIFS(MASTER!R:R,C6,MASTER!U:U,$E$4) -> 11 | F6: =COUNTIFS(MASTER!R:R,C6) -> 26 | G6: 2 | H6: Nadia Fatma Yanti, S.Pd | I6: Ari Iswahyudi, S.Psi | J6: Mu Ida Nur Fahilah, S.Pd -- Iinmartalivia
J7: New GPK Kolaborasi
A8: MUTIARA | B8: B | C8: 1B | D8: =COUNTIFS(MASTER!R:R,C8,MASTER!U:U,$D$4) -> 15 | E8: =COUNTIFS(MASTER!R:R,C8,MASTER!U:U,$E$4) -> 11 | F8: =COUNTIFS(MASTER!R:R,C8) -> 26 | G8: 2 | H8: Dini Eko Wulandari, S.Psi | I8: Milatun Nafisah, S.Psi | J8: Arik Wijayanto, S.Psi | K8: Azzahro Maulidiah
J9: Yetsky Yudistira, S.Or
A10: SAFIR | B10: C | C10: 1C | D10: =COUNTIFS(MASTER!R:R,C10,MASTER!U:U,$D$4) -> 15 | E10: =COUNTIFS(MASTER!R:R,C10,MASTER!U:U,$E$4) -> 10 | F10: =COUNTIFS(MASTER!R:R,C10) -> 25 | G10: 2 | H10: Gita Noviria, S.Pd | I10: Varianta Jawa Yuam Miranda, S.Pd.Gr | J10: Ika Puspitasari, S.Psi | K10: Putri Wahyuning Laili
J11: Ferdivan Andra Farerra
A12: RUBY | B12: D | C12: 1D | D12: =COUNTIFS(MASTER!R:R,C12,MASTER!U:U,$D$4) -> 15 | E12: =COUNTIFS(MASTER!R:R,C12,MASTER!U:U,$E$4) -> 10 | F12: =COUNTIFS(MASTER!R:R,C12) -> 25 | G12: 2 | H12: Irma Wahyu Putri Yoditya, S.Pd | I12: Suwaibatul Aslamiyah, A.Md.Keb., S.Pd | J12: Raga Cahya Taufikurrahman, S.Pd
J13: GPK Kolaborasi - Bu Asri
H14: Selvi Dwi Wahyuni, M.Pd
H15: Mohammad Nurahman, S.P.I., M.Pd
A17: Jml Siswa @ Level | D17: =SUM(D6:D12) -> 60 | E17: =SUM(E6:E12) -> 42 | F17: =SUM(D17:E17) -> 102 | G17: =SUM(G6:G13) -> 8
H18: Ika Wijayanti, S.AB., S.Pd
A19: GIOK | B19: A | C19: 2A | D19: =COUNTIFS(MASTER!R:R,C19,MASTER!U:U,$D$4) -> 16 | E19: =COUNTIFS(MASTER!R:R,C19,MASTER!U:U,$E$4) -> 13 | F19: =COUNTIFS(MASTER!R:R,C19) -> 29 | G19: 3 | H19: Irdayus Melindra, S.Pd | J19: Rikha Dwi Rachmawati, S.Psi | K19: Aisyah Ani Rosita, S.E
J20: Sukmawati Megawijayanti Susanto, S.Psi
J21: GPK Kolaborasi - Bu Valda
A22: PIRUS | B22: B | C22: 2B | D22: =COUNTIFS(MASTER!R:R,C22,MASTER!U:U,$D$4) -> 17 | E22: =COUNTIFS(MASTER!R:R,C22,MASTER!U:U,$E$4) -> 14 | F22: =COUNTIFS(MASTER!R:R,C22) -> 31 | G22: 4 | H22: Miftakhul Jannah, S.Pd., S.Pd.Gr | J22: Nurhayati
J23: Sherly Annisa Ramadhani
A24: AMETHYST | B24: C | C24: 2C | D24: =COUNTIFS(MASTER!R:R,C24,MASTER!U:U,$D$4) -> 15 | E24: =COUNTIFS(MASTER!R:R,C24,MASTER!U:U,$E$4) -> 14 | F24: =COUNTIFS(MASTER!R:R,C24) -> 29 | G24: 1 | H24: Aning Masyrufatin Furoida, S.Pd.I., S.Pd.Gr | J24: Nur Laili Sa'adah, S.A
A26: OPAL | B26: D | C26: 2D | D26: =COUNTIFS(MASTER!R:R,C26,MASTER!U:U,$D$4) -> 17 | E26: =COUNTIFS(MASTER!R:R,C26,MASTER!U:U,$E$4) -> 13 | F26: =COUNTIFS(MASTER!R:R,C26) -> 30 | G26: 2 | H26: Anis Amelia, S.Pd | J26: Akhmad Saiful, S.Pd | K26: Rr. Nur Apriyanti Atika Anggraini Soeharto, M.Pd
J27: GPK Kolaborasi - Bu Ayu
A30: Jml Siswa @ Level | D30: =SUM(D19:D26) -> 65 | E30: =SUM(E19:E26) -> 54 | F30: =SUM(D30:E30) -> 119 | G30: =SUM(G19:G26) -> 10
H31: Paramita Puri Anggraini, S.Pd.Gr
A32: TOPAZ | B32: A | C32: 3A | D32: =COUNTIFS(MASTER!R:R,C32,MASTER!U:U,$D$4) -> 15 | E32: =COUNTIFS(MASTER!R:R,C32,MASTER!U:U,$E$4) -> 12 | F32: =COUNTIFS(MASTER!R:R,C32) -> 27 | G32: 2 | H32: Ika Su'udia, S.Si.Gr | J32: Nurul Asri Fitriyah | K32: Sukma Abdul Rozy
A33: AQUAMARINE | B33: B | C33: 3B | D33: =COUNTIFS(MASTER!R:R,C33,MASTER!U:U,$D$4) -> 16 | E33: =COUNTIFS(MASTER!R:R,C33,MASTER!U:U,$E$4) -> 11 | F33: =COUNTIFS(MASTER!R:R,C33) -> 27 | G33: 2 | H33: Hj. Noor Jeehan, S.Ag., M.Pd.I | J33: Desilfa Dwi Nursavitri, S.Psi | K33: Hurul Jinani, S.Pd
A34: OBSIDIAN | B34: C | C34: 3C | D34: =COUNTIFS(MASTER!R:R,C34,MASTER!U:U,$D$4) -> 16 | E34: =COUNTIFS(MASTER!R:R,C34,MASTER!U:U,$E$4) -> 12 | F34: =COUNTIFS(MASTER!R:R,C34) -> 28 | G34: 2 | H34: Arif Nur Rahman, S.S., M.Pd.Gr | J34: Afriska Nur Azizah, S.Pd
A35: ZAMRUD | B35: D | C35: 3D | D35: =COUNTIFS(MASTER!R:R,C35,MASTER!U:U,$D$4) -> 16 | E35: =COUNTIFS(MASTER!R:R,C35,MASTER!U:U,$E$4) -> 11 | F35: =COUNTIFS(MASTER!R:R,C35) -> 27 | G35: 2 | H35: Desty Ariani Mutiara, S.Pd., S.Pd | J35: M. Baha'ul Alamsyah Al Faini, S.Pd
H36: Prima Suci Ibar Wati Ningrum, S.Or., M.Pd
A38: Jml Siswa @ Level | D38: =SUM(D32:D37) -> 63 | E38: =SUM(E32:E37) -> 46 | F38: =SUM(D38:E38) -> 109 | G38: =SUM(G32:G35) -> 8
H39: Nur Risky Marsa Romadhona, S.Pd., S.Pd.Gr
A40: JASPER | B40: A | C40: 4A | D40: =COUNTIFS(MASTER!R:R,C40,MASTER!U:U,$D$4) -> 17 | E40: =COUNTIFS(MASTER!R:R,C40,MASTER!U:U,$E$4) -> 13 | F40: =COUNTIFS(MASTER!R:R,C40) -> 30 | G40: 0 | H40: Miftakul Jannah, S.Pd | I40: Risas Wahyudi, S.Pd. | K40: Muhammad Akbar Amin, S.Pd.Gr
A41: MALASIT | B41: B | C41: 4B | D41: =COUNTIFS(MASTER!R:R,C41,MASTER!U:U,$D$4) -> 16 | E41: =COUNTIFS(MASTER!R:R,C41,MASTER!U:U,$E$4) -> 13 | F41: =COUNTIFS(MASTER!R:R,C41) -> 29 | G41: 1 | H41: Ucik Sriwahyuni, S.Pd | I41: Masruhan, S.Pd.I., M.Pd | J41: Kofifah Indar Khoiroh, S.Psi
A42: GARNET | B42: C | C42: 4C | D42: =COUNTIFS(MASTER!R:R,C42,MASTER!U:U,$D$4) -> 18 | E42: =COUNTIFS(MASTER!R:R,C42,MASTER!U:U,$E$4) -> 12 | F42: =COUNTIFS(MASTER!R:R,C42) -> 30 | G42: 2 | H42: Sri Subakti, S.Pd.SD.Gr | J42: Nila Fadilah, S.Pd | K42: Yusuf Mu'awiyah, S.TP
A43: CITRINE
B44: D | C44: 4D | D44: =COUNTIFS(MASTER!R:R,C44,MASTER!U:U,$D$4) -> 17 | E44: =COUNTIFS(MASTER!R:R,C44,MASTER!U:U,$E$4) -> 13 | F44: =COUNTIFS(MASTER!R:R,C44) -> 30 | G44: 0 | H44: Lailatul Munawaroh, S.Pd., M.Pd | K44: Nabila Ucinanda Betarizqy, S.Pd
A46: Jml Siswa @ Level | D46: =SUM(D40:D45) -> 68 | E46: =SUM(E40:E45) -> 51 | F46: =SUM(D46:E46) -> 119 | G46: =SUM(G40:G44) -> 3
H47: Kusnia, S.Pd.I
A48: BACAN | B48: A | C48: 5A | D48: =COUNTIFS(MASTER!R:R,C48,MASTER!U:U,$D$4) -> 15 | E48: =COUNTIFS(MASTER!R:R,C48,MASTER!U:U,$E$4) -> 12 | F48: =COUNTIFS(MASTER!R:R,C48) -> 27 | G48: 2 | H48: Ghoniyur Rohman, S.Pd., S.Pd.SD.Gr | J48: Tursina Ainun Nisa' Caniago, S.Sos | K48: Zulaihah, S.Pd
A49: TOURMALINE | B49: B | C49: 5B | D49: =COUNTIFS(MASTER!R:R,C49,MASTER!U:U,$D$4) -> 16 | E49: =COUNTIFS(MASTER!R:R,C49,MASTER!U:U,$E$4) -> 12 | F49: =COUNTIFS(MASTER!R:R,C49) -> 28 | G49: 1 | H49: Anida Nafis Qotrunnada, S.Pd | K49: Muhammad Wildan Makhasin
A50: PERMATA | B50: C | C50: 5C | D50: =COUNTIFS(MASTER!R:R,C50,MASTER!U:U,$D$4) -> 15 | E50: =COUNTIFS(MASTER!R:R,C50,MASTER!U:U,$E$4) -> 13 | F50: =COUNTIFS(MASTER!R:R,C50) -> 28 | G50: 1 | H50: Moch. Yusroni, S.Pd.Gr | I50: Binti Zakkiyatul Faqiroh, S.Pd
A51: AGATE | B51: D | C51: 5D | D51: =COUNTIFS(MASTER!R:R,C51,MASTER!U:U,$D$4) -> 15 | E51: =COUNTIFS(MASTER!R:R,C51,MASTER!U:U,$E$4) -> 12 | F51: =COUNTIFS(MASTER!R:R,C51) -> 27 | G51: 1 | H51: Desi Ratnasari, S.Pd | I51: Achmad Efendi, S.Hum | J51: Venorica Afdela, S.Psi | K51: Shofiyatul Mardiyah
H52: Mokh. Danny Permata Utomo, S.Pd.Gr
A53: Jml Siswa @ Level | D53: =SUM(D48:D52) -> 61 | E53: =SUM(E48:E52) -> 49 | F53: =SUM(D53:E53) -> 110 | G53: =SUM(G48:G51) -> 5
H54: Nihayatul Hasanah, S.Pd., S.Pd
A55: EMERALD | B55: A | C55: 6A | D55: =COUNTIFS(MASTER!R:R,C55,MASTER!U:U,$D$4) -> 18 | E55: =COUNTIFS(MASTER!R:R,C55,MASTER!U:U,$E$4) -> 10 | F55: =COUNTIFS(MASTER!R:R,C55) -> 28 | G55: 1 | H55: Dara Eges Nuryana, S.Pd | J55: Yahya Firmansyah, S.Pd | K55: Rima Rahmayanti, S.Pd
A56: ALEXANDRITE | B56: B | C56: 6B | D56: =COUNTIFS(MASTER!R:R,C56,MASTER!U:U,$D$4) -> 17 | E56: =COUNTIFS(MASTER!R:R,C56,MASTER!U:U,$E$4) -> 11 | F56: =COUNTIFS(MASTER!R:R,C56) -> 28 | G56: 1 | H56: Ainur Rifqi, M.Pd | J56: Ahmad Shobirin, S.Pd
A57: ONIKS | B57: C | C57: 6C | D57: =COUNTIFS(MASTER!R:R,C57,MASTER!U:U,$D$4) -> 17 | E57: =COUNTIFS(MASTER!R:R,C57,MASTER!U:U,$E$4) -> 10 | F57: =COUNTIFS(MASTER!R:R,C57) -> 27 | G57: 1 | H57: Puri Wiranti, S.Pd | I57: Jaronah, S.Pd | J57: Syaifud Dina Fitriana | K57: Nurul Akhyar, M.Pd
A58: KUARSA | B58: D | C58: 6D | D58: =COUNTIFS(MASTER!R:R,C58,MASTER!U:U,$D$4) -> 16 | E58: =COUNTIFS(MASTER!R:R,C58,MASTER!U:U,$E$4) -> 12 | F58: =COUNTIFS(MASTER!R:R,C58) -> 28 | G58: 0 | H58: Hj. Sri Yudianti, S.Pd | K58: M. Mukid A.P.
A60: Jml Siswa @ Level | D60: =SUM(D55:D59) -> 68 | E60: =SUM(E55:E59) -> 43 | F60: =SUM(D60:E60) -> 111 | G60: =SUM(G55:G58) -> 3
A61: JUMLAH PESERTA DIDIK: | D61: =+D17+D30+D38+D53+D60+D46 -> 385 | E61: =+E17+E30+E38+E53+E60+E46 -> 285 | F61: =SUM(D61:E61) -> 670 | G61: =SUM(G60+G53+G46+G38+G30+G17) -> 37

Sheet Lembar2
